Complex,logFC,AveExpr,t,P.Value,adj.P.Val,B,Lineage
Lineage,NA,NA,NA,NA,NA,NA,Acute Myeloid Leukemia
ACF,0.08691568461099712,0.2940597214083108,2.7543901649429476,0.0059800362422187245,0.022380427268772048,-2.9691019672790806,Acute Myeloid Leukemia
ATAC,0.00277104648925391,0.2862401943992777,0.11645148643135864,0.9073166264307762,0.9368907506433053,-6.689010769891188,Acute Myeloid Leukemia
BAF (canonical/cBAF),0.07410142915034593,0.28103164933152663,4.971066884293592,7.75173267648084e-7,1.6666225254433805e-5,5.3455274180301835,Acute Myeloid Leukemia
BCOR complex,0.01630865681651494,0.07688398925835595,1.5268187003131952,0.1271021227539217,0.24842687629175603,-5.547762839291989,Acute Myeloid Leukemia
BRCA1-A,-0.08654163568287714,0.23973389480036114,-4.2646044346991685,2.179883238488419e-5,1.4420763503290512e-4,2.193298451395542,Acute Myeloid Leukemia
CAF-1,0.012654687841545201,0.9690249844625101,1.3574141372647173,0.17493636335106388,0.28931783169599024,-5.7881533244631855,Acute Myeloid Leukemia
CHRAC,0.038047425697995525,0.26206692106594376,1.4980984963604405,0.13440316245615275,0.251275477635416,-5.590497520358665,Acute Myeloid Leukemia
DAXX-ATRX,0.06852678185897483,0.25018074947967495,1.7988733388169162,0.07232096809074161,0.1727667571056605,-5.1029134688521,Acute Myeloid Leukemia
DNMT1-UHRF1,-0.03532800652779043,0.7253934436802176,-0.8475097731574119,0.3969009302842441,0.5688913334074166,-6.341728302704435,Acute Myeloid Leukemia
Elongator,-0.010676175156721403,0.7476231388617897,-0.31651860861654785,0.7516707583251427,0.8287651950764395,-6.646310323438494,Acute Myeloid Leukemia
FACT,0.005820876102555202,0.9846571827461597,0.9391021809235154,0.34789057641757715,0.5158377512398558,-6.261119664279837,Acute Myeloid Leukemia
G9a/GLP,0.02082781000906446,0.1813339326617885,0.6948813329394224,0.4872808207505164,0.6547836028835063,-6.457713997899602,Acute Myeloid Leukemia
HAT1 complex,0.004801765632975439,0.5070069141011739,0.32172140551428996,0.7477267056549204,0.8287651950764395,-6.644673510984664,Acute Myeloid Leukemia
HBO1,0.06223105540718197,0.1272006936982836,4.544368038716151,6.138124812295261e-6,6.598484173217406e-5,3.386192936835151,Acute Myeloid Leukemia
HIRA,0.009468752995185101,0.42351438993766954,0.3492259973856394,0.7269884943523336,0.8287651950764395,-6.635577105439558,Acute Myeloid Leukemia
INO80,0.0054512665650284335,0.6562516235772355,0.2503163554013218,0.8023908535893598,0.8625701676085618,-6.664808037410511,Acute Myeloid Leukemia
LSD1-CoREST,0.042179044545016225,0.15410883043179746,2.39998696827862,0.016566064265427692,0.052064194297819166,-3.863951996676279,Acute Myeloid Leukemia
MLL1/MLL2 (KMT2A/KMT2B),0.03654396870899182,0.4921214235772354,1.6226599043558771,0.1049572598035538,0.22451720874450418,-5.399309574641748,Acute Myeloid Leukemia
MLL3/MLL4 (KMT2C/KMT2D),0.05458816375794749,0.3775775624299912,2.7400325101601077,0.006245700633145688,0.022380427268772048,-3.0077140781801064,Acute Myeloid Leukemia
MOZ/MORF,0.07756516489949553,0.1292105213351399,4.784358708259766,1.9560999195457895e-6,2.8037432180156316e-5,4.467478467084694,Acute Myeloid Leukemia
MSL,0.02250101667809301,0.3698017822041551,1.3852266077881414,0.16627240287792963,0.28598853295003895,-5.750616694497714,Acute Myeloid Leukemia
Menin-MLL,0.041506082633706635,0.532817426829269,1.6917580977651867,0.09098383075255387,0.20591077486104295,-5.286703028845548,Acute Myeloid Leukemia
NSL,0.007344021010349904,0.690279032429991,0.6521251870016782,0.514460708526233,0.6703578929281219,-6.486093428286755,Acute Myeloid Leukemia
NURF,0.01799168694948031,0.430541240740741,0.9472767470178436,0.34371206127468035,0.5158377512398558,-6.253524244174205,Acute Myeloid Leukemia
NoRC,0.12029319578326952,0.2806835276856367,3.959861367462771,7.99605642137048e-5,4.297880326486633e-4,0.9773120516263667,Acute Myeloid Leukemia
NuA4/TIP60,0.023137691213233683,0.7442379977416442,1.4556555098172557,0.14578171858720565,0.2611922458020768,-5.652171632141475,Acute Myeloid Leukemia
NuRD (Mi-2/NuRD),0.004679194162934366,0.23344356913279152,0.4822959275583372,0.629694547275161,0.7963783980244683,-6.581038684729479,Acute Myeloid Leukemia
PBAF,0.12584822110633476,0.3440632730803972,5.513081882167891,4.4205156414923365e-8,1.9008217258417047e-6,8.075346185181983,Acute Myeloid Leukemia
PCAF complex,0.048556729289494976,0.4083963325654916,2.3915173282380193,0.016951133027196936,0.052064194297819166,-3.883849396730807,Acute Myeloid Leukemia
PR-DUB,0.0020408748491191706,0.19108004058717235,0.10156961442336407,0.9191173645206275,0.9368907506433053,-6.6906102300562145,Acute Myeloid Leukemia
PRC1 (canonical and variant PCGF complexes),0.012260199663821551,0.0774263117434509,1.9453818167872434,0.05199110828743673,0.13150692096233996,-4.8333850517817805,Acute Myeloid Leukemia
PRC2,0.0053801546721081945,0.2068612206504066,0.41108516237683357,0.6810925434030822,0.8135272046203482,-6.6123947619433565,Acute Myeloid Leukemia
Piccolo NuA4,-0.0201069300440605,0.7310030581752486,-0.6962831657377861,0.48640301853877443,0.6547836028835063,-6.456753055603617,Acute Myeloid Leukemia
RSF,0.126399689499692,0.25863721200632345,4.368003565803398,1.3759459182371539e-5,1.1833134896839523e-4,2.625668689410812,Acute Myeloid Leukemia
SAGA,0.04885572146237026,0.3105263303613374,2.194428880241821,0.02841936394786125,0.08146884331720225,-4.32719618503196,Acute Myeloid Leukemia
SET1C/COMPASS,0.009442292987211519,0.589783839656728,0.418309688996148,0.6758048064989501,0.8135272046203482,-6.609441347449575,Acute Myeloid Leukemia
SETDB1-ATF7IP/KAP1,0.09149870798620198,0.2953410291228548,2.806865872820913,0.005093592297470587,0.021902446879123523,-2.82628717252411,Acute Myeloid Leukemia
SRCAP,0.027740834710262535,0.8039866308943082,1.6011116010511997,0.10964793915429275,0.22451720874450418,-5.43347040695569,Acute Myeloid Leukemia
STAGA/TFTC,0.0010477796057925478,0.252413731020777,0.0791970167034191,0.9368907506433053,0.9368907506433053,-6.692603901831638,Acute Myeloid Leukemia
SUV39H1/2-HP1,-0.010113036004836158,0.10173277260252934,-0.9953562541556612,0.31978843951207114,0.5092926999636689,-6.2075215712394085,Acute Myeloid Leukemia
WICH / B-WICH,0.13354451736159342,0.3771652369105695,3.5618844842377393,3.844371033489389e-4,0.0018367550493338192,-0.47875953431260587,Acute Myeloid Leukemia
mSin3A/HDAC,-0.0258566904862815,0.30224111428184264,-2.1354901165151823,0.03294793258659855,0.0885475688264836,-4.452443994569059,Acute Myeloid Leukemia
ncBAF (non-canonical BAF / bBAF),0.08038581073345083,0.35936621971996374,4.247744517193615,2.3475661516984553e-5,1.4420763503290512e-4,2.1237460730109916,Acute Myeloid Leukemia
Lineage,NA,NA,NA,NA,NA,NA,Ampullary Carcinoma
ACF,0.2089254254402653,0.2940597214083108,2.771320899475101,0.0056798906372002396,0.12211764869980515,-2.3436478016380473,Ampullary Carcinoma
ATAC,0.04595554278193685,0.2862401943992777,0.8083647041382954,0.41906069214834785,0.7207843904951583,-5.576781952667524,Ampullary Carcinoma
BAF (canonical/cBAF),-0.013576646410629438,0.28103164933152663,-0.38122708466835054,0.7031105659310958,0.9267983728894058,-5.8114633862007254,Ampullary Carcinoma
BCOR complex,0.032677419016514955,0.07688398925835595,1.280516685080535,0.20064145019450247,0.5276491818009996,-5.121603620742358,Ampullary Carcinoma
BRCA1-A,-0.01033349350726725,0.23973389480036114,-0.21314200356448917,0.8312568820046798,0.9500752172199124,-5.857619718958765,Ampullary Carcinoma
CAF-1,0.020445114183008387,0.9690249844625101,0.9179492889333052,0.35885262486181924,0.6868569732794229,-5.489438698404646,Ampullary Carcinoma
CHRAC,0.18465354150287344,0.26206692106594376,3.043273260405963,0.0023974260785396997,0.10308932137720708,-1.619204152111994,Ampullary Carcinoma
DAXX-ATRX,0.03494838915165775,0.25018074947967495,0.38400389469595836,0.7010520002382685,0.9267983728894058,-5.810481712613874,Ampullary Carcinoma
DNMT1-UHRF1,0.21348304308196556,0.7253934436802176,2.14366632658367,0.032284951915767,0.23137548872966354,-3.7602594805168206,Ampullary Carcinoma
Elongator,-0.001471628620135747,0.7476231388617897,-0.018262069913276932,0.985433197334076,0.985433197334076,-5.878455792425167,Ampullary Carcinoma
FACT,0.0111467356147502,0.9846571827461597,0.7527320574157313,0.4517767878170664,0.7416719497563472,-5.616885306812782,Ampullary Carcinoma
G9a/GLP,0.09009566001979613,0.1813339326617885,1.2581694245971224,0.20860549047946497,0.5276491818009996,-5.147774341702404,Ampullary Carcinoma
HAT1 complex,-0.0019878283670247093,0.5070069141011739,-0.05574759038504591,0.955553312111856,0.985433197334076,-5.877173937444358,Ampullary Carcinoma
HBO1,0.05717441555352347,0.1272006936982836,1.7475768468280128,0.08082465694781729,0.38345199959262677,-4.469669791059933,Ampullary Carcinoma
HIRA,0.09844849552689253,0.42351438993766954,1.5198162391731456,0.1288531504984421,0.4617237892860842,-4.812591569730091,Ampullary Carcinoma
INO80,0.013649366077223623,0.6562516235772355,0.262344828362129,0.7931061982765266,0.9500752172199124,-5.84681057518418,Ampullary Carcinoma
LSD1-CoREST,0.006632498647455182,0.15410883043179746,0.1579637859486823,0.8745151966157305,0.9583194528707653,-5.867080734691814,Ampullary Carcinoma
MLL1/MLL2 (KMT2A/KMT2B),0.12750708724557736,0.4921214235772354,2.3698144190029944,0.017973962883064135,0.15457608079435156,-3.2910555086341033,Ampullary Carcinoma
MLL3/MLL4 (KMT2C/KMT2D),0.009636031904289034,0.3775775624299912,0.20245274860012047,0.8396013547524808,0.9500752172199124,-5.859672233998188,Ampullary Carcinoma
MOZ/MORF,0.09764014160193454,0.1292105213351399,2.5208884710626185,0.01185060056836892,0.15457608079435156,-2.9517147046103154,Ampullary Carcinoma
MSL,0.018311154726873433,0.3698017822041551,0.4718485599108263,0.6371312603144268,0.9267983728894058,-5.775750423641783,Ampullary Carcinoma
Menin-MLL,0.14282665726785299,0.532817426829269,2.436710909614752,0.014984024494681171,0.15457608079435156,-3.1433491408388083,Ampullary Carcinoma
NSL,0.027841714668886238,0.690279032429991,1.0348115324753338,0.30099114149788375,0.6335626088546457,-5.384098943980872,Ampullary Carcinoma
NURF,-0.011059127099300155,0.430541240740741,-0.2437216211591041,0.8074932354294481,0.9500752172199124,-5.8511649090499835,Ampullary Carcinoma
NoRC,0.14817851351985492,0.2806835276856367,2.0417020783692643,0.0414264102695558,0.25447652022727135,-3.956574865530793,Ampullary Carcinoma
NuA4/TIP60,0.0646067565790876,0.7442379977416442,1.70131505355461,0.08917488362619228,0.38345199959262677,-4.543170198461813,Ampullary Carcinoma
NuRD (Mi-2/NuRD),0.009664227089763536,0.23344356913279152,0.4169441384596915,0.6768030404290232,0.9267983728894058,-5.7982932752157454,Ampullary Carcinoma
PBAF,0.06464327208194454,0.3440632730803972,1.185329003247451,0.2361510688594555,0.5641386644975881,-5.2298885928597985,Ampullary Carcinoma
PCAF complex,0.0650746747041292,0.4083963325654916,1.3415421746069534,0.18002967460393965,0.5276491818009996,-5.047798050483527,Ampullary Carcinoma
PR-DUB,0.026883038263753288,0.19108004058717235,0.5600076999024675,0.5755916256958663,0.8839442823186519,-5.733730326281337,Ampullary Carcinoma
PRC1 (canonical and variant PCGF complexes),0.010987541615041061,0.0774263117434509,0.7297532879061622,0.4657009917074738,0.7416719497563472,-5.632616596597964,Ampullary Carcinoma
PRC2,0.004267704428205724,0.2068612206504066,0.13648960977815328,0.8914599561588514,0.9583194528707653,-5.870002272989736,Ampullary Carcinoma
Piccolo NuA4,0.12649449678520772,0.7310030581752486,1.833496047537319,0.06700701917587656,0.36016272807033656,-4.327963899575195,Ampullary Carcinoma
RSF,0.1137768281143262,0.25863721200632345,1.6457316353178764,0.10011326489840232,0.3913518536937545,-4.628887818509144,Ampullary Carcinoma
SAGA,0.019110085364809182,0.3105263303613374,0.35928321179843514,0.7194542550450358,0.9267983728894058,-5.818970473445464,Ampullary Carcinoma
SET1C/COMPASS,0.05484093640184543,0.589783839656728,1.0169357887374004,0.30941429734761766,0.6335626088546457,-5.401027268556649,Ampullary Carcinoma
SETDB1-ATF7IP/KAP1,-0.07022879470648086,0.2953410291228548,-0.9017582652592718,0.367388613614575,0.6868569732794229,-5.503040606939154,Ampullary Carcinoma
SRCAP,0.047221783490749826,0.8039866308943082,1.1408083291666338,0.25420544723894684,0.5753070648039323,-5.277673711603105,Ampullary Carcinoma
STAGA/TFTC,0.027489934727743838,0.252413731020777,0.8697227053294122,0.3846473435891472,0.6891598239305554,-5.529241361439737,Ampullary Carcinoma
SUV39H1/2-HP1,0.03530969027809064,0.10173277260252934,1.4546520469061281,0.146059382854962,0.4831194971356435,-4.9019504981901685,Ampullary Carcinoma
WICH / B-WICH,0.11796254211769103,0.3771652369105695,1.3169403644428925,0.1881411213362389,0.5276491818009996,-5.077963896709563,Ampullary Carcinoma
mSin3A/HDAC,0.00987777375762098,0.30224111428184264,0.34146950251704355,0.7328173180986,0.9267983728894058,-5.824737526543309,Ampullary Carcinoma
ncBAF (non-canonical BAF / bBAF),-0.0013254054128906873,0.35936621971996374,-0.029315408464397737,0.9766185151426219,0.985433197334076,-5.878212805778427,Ampullary Carcinoma
Lineage,NA,NA,NA,NA,NA,NA,Anaplastic Thyroid Cancer
ACF,0.04707626945002148,0.2940597214083108,0.7373503033849358,0.4610713114260543,0.9748891655985605,-5.503052584470708,Anaplastic Thyroid Cancer
ATAC,-0.056233124144892434,0.2862401943992777,-1.1679868587641473,0.24307274286530298,0.7465805673720021,-5.1337146010111265,Anaplastic Thyroid Cancer
BAF (canonical/cBAF),-0.04248884611794649,0.28103164933152663,-1.4087777347072672,0.15919191864094437,0.570437708463384,-4.854631081398101,Anaplastic Thyroid Cancer
BCOR complex,-0.03060878797860703,0.07688398925835595,-1.4163152433372421,0.15697475625722343,0.570437708463384,-4.845056121890506,Anaplastic Thyroid Cancer
BRCA1-A,0.006354926541513228,0.23973389480036114,0.154777814251033,0.8770257275332767,0.9748891655985605,-5.737161494241857,Anaplastic Thyroid Cancer
CAF-1,0.007562575646423244,0.9690249844625101,0.400936119586382,0.6885473373343365,0.9748891655985605,-5.675531514605619,Anaplastic Thyroid Cancer
CHRAC,-0.006012646204443611,0.26206692106594376,-0.11701061449581837,0.9068736424172656,0.9748891655985605,-5.7417864221949175,Anaplastic Thyroid Cancer
DAXX-ATRX,-0.14400679639956177,0.25018074947967495,-1.8683909580812184,0.061981229049114885,0.570437708463384,-4.177868800975465,Anaplastic Thyroid Cancer
DNMT1-UHRF1,0.12671629735513643,0.7253934436802176,1.5024588186056094,0.13327427217527643,0.570437708463384,-4.732014458337584,Anaplastic Thyroid Cancer
Elongator,-0.11858885486403833,0.7476231388617897,-1.737688602828064,0.08255395897145723,0.570437708463384,-4.389525822169425,Anaplastic Thyroid Cancer
FACT,0.006496129761091581,0.9846571827461597,0.51799277810047,0.604570570182422,0.9748891655985605,-5.627075278892323,Anaplastic Thyroid Cancer
G9a/GLP,-0.0741897712299599,0.1813339326617885,-1.22336369844904,0.22146221518874953,0.7325288656243253,-5.074134700045318,Anaplastic Thyroid Cancer
HAT1 complex,0.011628017291511947,0.5070069141011739,0.38506069201469784,0.7002691087377717,0.9748891655985605,-5.681152914648721,Anaplastic Thyroid Cancer
HBO1,-0.019333896056232636,0.1272006936982836,-0.6977988177937764,0.4854548741250314,0.9748891655985605,-5.528614751192633,Anaplastic Thyroid Cancer
HIRA,-0.041659406063351424,0.42351438993766954,-0.7594013632438054,0.4477800816897718,0.9748891655985605,-5.488189929128961,Anaplastic Thyroid Cancer
INO80,0.03771193290649193,0.6562516235772355,0.8558844177815939,0.39225369697415713,0.9748891655985605,-5.418016063902386,Anaplastic Thyroid Cancer
LSD1-CoREST,0.0044391877303820385,0.15410883043179746,0.12484184459958614,0.9006722536352847,0.9748891655985605,-5.740933043909936,Anaplastic Thyroid Cancer
MLL1/MLL2 (KMT2A/KMT2B),0.02017311944069937,0.4921214235772354,0.44272023688789364,0.6580577554242519,0.9748891655985605,-5.6596509814383165,Anaplastic Thyroid Cancer
MLL3/MLL4 (KMT2C/KMT2D),-0.008170096095711047,0.3775775624299912,-0.2026884093067931,0.839417189879397,0.9748891655985605,-5.72944500640109,Anaplastic Thyroid Cancer
MOZ/MORF,-0.01926257053465074,0.1292105213351399,-0.5872401962060093,0.5571665077930927,0.9748891655985605,-5.592601566953439,Anaplastic Thyroid Cancer
MSL,0.06295739472687348,0.3698017822041551,1.9156225955305057,0.055679913990271244,0.570437708463384,-4.0976352739611475,Anaplastic Thyroid Cancer
Menin-MLL,0.026567777267853025,0.532817426829269,0.5352125136037426,0.592614337147837,0.9748891655985605,-5.618905989350042,Anaplastic Thyroid Cancer
NSL,0.005343219059129805,0.690279032429991,0.23450092647252468,0.8146410528830951,0.9748891655985605,-5.723178674433832,Anaplastic Thyroid Cancer
NURF,0.05750450607143157,0.430541240740741,1.4964127090464971,0.13484159319578531,0.570437708463384,-4.740165198501837,Anaplastic Thyroid Cancer
NoRC,0.01802896605644048,0.2806835276856367,0.2933284989136557,0.7693280603856947,0.9748891655985605,-5.70918889743065,Anaplastic Thyroid Cancer
NuA4/TIP60,0.03399735267664834,0.7442379977416442,1.057129537956474,0.2906914988247458,0.8333156299642713,-5.244716457789123,Anaplastic Thyroid Cancer
NuRD (Mi-2/NuRD),-0.004268142276090107,0.23344356913279152,-0.21743323923930938,0.8279122528911661,0.9748891655985605,-5.7266539923402595,Anaplastic Thyroid Cancer
PBAF,-0.09566648694244567,0.3440632730803972,-2.0713415050804773,0.038566595990349124,0.570437708463384,-3.8190397183553246,Anaplastic Thyroid Cancer
PCAF complex,-0.07805644363733409,0.4083963325654916,-1.9001040620517549,0.057688590895504446,0.570437708463384,-4.124216428885815,Anaplastic Thyroid Cancer
PR-DUB,0.003572371473509398,0.19108004058717235,0.08787160572435077,0.9299951980351702,0.9753608174515199,-5.74447635789896,Anaplastic Thyroid Cancer
PRC1 (canonical and variant PCGF complexes),0.002259522493089837,0.0774263117434509,0.1772019505231262,0.8593833565728418,0.9748891655985605,-5.733807346281763,Anaplastic Thyroid Cancer
PRC2,-0.04268192796203818,0.2068612206504066,-1.611853581902629,0.10728920075432635,0.570437708463384,-4.578890862648693,Anaplastic Thyroid Cancer
Piccolo NuA4,0.013850771907158868,0.7310030581752486,0.23706018850383476,0.8126555612748716,0.9748891655985605,-5.722634924001147,Anaplastic Thyroid Cancer
RSF,0.026701199021643227,0.25863721200632345,0.45604979063267975,0.6484468939042947,0.9748891655985605,-5.654254116983342,Anaplastic Thyroid Cancer
SAGA,-0.06497107736689811,0.3105263303613374,-1.4423500282202857,0.14949684878264016,0.570437708463384,-4.811592588625871,Anaplastic Thyroid Cancer
SET1C/COMPASS,0.017889825182333348,0.589783839656728,0.3917157809416847,0.6953463753920898,0.9748891655985605,-5.678824008002634,Anaplastic Thyroid Cancer
SETDB1-ATF7IP/KAP1,-0.05672862105770034,0.2953410291228548,-0.860108907318059,0.3899220475452634,0.9748891655985605,-5.4147522275904825,Anaplastic Thyroid Cancer
SRCAP,-0.011026661387298914,0.8039866308943082,-0.31455068661019475,0.7531642656035583,0.9748891655985605,-5.703376789035534,Anaplastic Thyroid Cancer
STAGA/TFTC,-0.015373538442987928,0.252413731020777,-0.574324362526062,0.5658692435288382,0.9748891655985605,-5.599359022922723,Anaplastic Thyroid Cancer
SUV39H1/2-HP1,-3.5838138044596505e-4,0.10173277260252934,-0.01743359504769415,0.9860939638061885,0.9860939638061885,-5.747818483392768,Anaplastic Thyroid Cancer
WICH / B-WICH,0.004479162664032559,0.3771652369105695,0.05904663082321813,0.9529260132474651,0.9756147278485952,-5.746384495896809,Anaplastic Thyroid Cancer
mSin3A/HDAC,-0.016131915705793677,0.30224111428184264,-0.6584989589000856,0.5103594646938077,0.9748891655985605,-5.552620090324477,Anaplastic Thyroid Cancer
ncBAF (non-canonical BAF / bBAF),-0.0647795623885004,0.35936621971996374,-1.69184869734803,0.09096654468463283,0.570437708463384,-4.460146741053533,Anaplastic Thyroid Cancer
Lineage,NA,NA,NA,NA,NA,NA,B-Cell Acute Lymphoblastic Leukemia
ACF,0.13811419325489965,0.2940597214083108,2.818046760576742,0.004920832756003726,0.014106387233877348,-2.9557610783637065,B-Cell Acute Lymphoblastic Leukemia
ATAC,0.050935791464863725,0.2862401943992777,1.3781829217457116,0.16843547956591312,0.27856637005131785,-5.934010895732203,B-Cell Acute Lymphoblastic Leukemia
BAF (canonical/cBAF),0.15251993595522406,0.28103164933152663,6.587675788069989,6.999086119271709e-11,3.009607031286835e-9,14.187879629260236,B-Cell Acute Lymphoblastic Leukemia
BCOR complex,0.04317391980188082,0.07688398925835595,2.6023957293878923,0.009385664315482344,0.02374020973916122,-3.53062989566953,B-Cell Acute Lymphoblastic Leukemia
BRCA1-A,-0.06299441710482831,0.23973389480036114,-1.9986571296581432,0.04589858766285239,0.08581040302185447,-4.899293837833207,B-Cell Acute Lymphoblastic Leukemia
CAF-1,0.016633197597642993,0.9690249844625101,1.1487334267793035,0.25092307557146637,0.3853461517704662,-6.2207016949290574,B-Cell Acute Lymphoblastic Leukemia
CHRAC,0.06751494684433698,0.26206692106594376,1.7115815689635856,0.0872641512327018,0.15009434012024708,-5.425037845059471,B-Cell Acute Lymphoblastic Leukemia
DAXX-ATRX,0.23255572116141404,0.25018074947967495,3.930518609494499,9.02174820908604e-5,6.465586216511663e-4,0.7214528716032254,B-Cell Acute Lymphoblastic Leukemia
DNMT1-UHRF1,0.14578008840391685,0.7253934436802176,2.251678457907612,0.024545171633000403,0.05025916096281034,-4.36899773275452,B-Cell Acute Lymphoblastic Leukemia
Elongator,0.03460861001401071,0.7476231388617897,0.6606178363412424,0.5089998938377192,0.5759735640795243,-6.657701744118093,B-Cell Acute Lymphoblastic Leukemia
FACT,-0.005103042190127708,0.9846571827461597,-0.5300736710814535,0.5961710126660467,0.657316757554872,-6.734651292844389,B-Cell Acute Lymphoblastic Leukemia
G9a/GLP,0.04221182608223533,0.1813339326617885,0.9067420539083225,0.3647477543865467,0.44811866967490027,-6.4667774700164635,B-Cell Acute Lymphoblastic Leukemia
HAT1 complex,0.043208361559804724,0.5070069141011739,1.8639290513617426,0.0626058567314392,0.11216882664382857,-5.156097140996709,B-Cell Acute Lymphoblastic Leukemia
HBO1,0.10563952660230394,0.1272006936982836,4.966784957991427,7.920776805660599e-7,1.1353113421446859e-5,5.202348600290895,B-Cell Acute Lymphoblastic Leukemia
HIRA,0.04491341430250241,0.42351438993766954,1.0665284149432317,0.2864258814313585,0.39730041617898115,-6.3107789573288215,B-Cell Acute Lymphoblastic Leukemia
INO80,0.03679826705283333,0.6562516235772355,1.087932009488103,0.2768705805033183,0.39684783205475627,-6.287967912118159,B-Cell Acute Lymphoblastic Leukemia
LSD1-CoREST,0.08047225418160163,0.15410883043179746,2.9480910567218133,0.0032669940260804087,0.010034338794389827,-2.587319461434199,B-Cell Acute Lymphoblastic Leukemia
MLL1/MLL2 (KMT2A/KMT2B),0.12940557431874827,0.4921214235772354,3.699536868375967,2.2699955654327238e-4,9.760980931360712e-4,-0.1394533880530604,B-Cell Acute Lymphoblastic Leukemia
MLL3/MLL4 (KMT2C/KMT2D),0.024818613782338038,0.3775775624299912,0.8020793426534515,0.42268549893994967,0.504874345956051,-6.55528581808603,B-Cell Acute Lymphoblastic Leukemia
MOZ/MORF,0.09771731800193462,0.1292105213351399,3.880709489234778,1.1053071850708793e-4,6.789744136863974e-4,0.5315261554199289,B-Cell Acute Lymphoblastic Leukemia
MSL,0.06904812277565409,0.3698017822041551,2.736863513557681,0.0063057379444631054,0.016946670725744597,-3.177467426882111,B-Cell Acute Lymphoblastic Leukemia
Menin-MLL,0.11435527726785308,0.532817426829269,3.000995259446832,0.0027534880431210797,0.00910769121955434,-2.4327528172693142,B-Cell Acute Lymphoblastic Leukemia
NSL,-0.0041904919164797005,0.690279032429991,-0.2395767402117223,0.8107043592655678,0.8107043592655678,-6.8453549694085165,B-Cell Acute Lymphoblastic Leukemia
NURF,-0.01457877746515377,0.430541240740741,-0.4942067561578649,0.6212618021718602,0.6678564373347498,-6.752839964061642,B-Cell Acute Lymphoblastic Leukemia
NoRC,0.14447209120278184,0.2806835276856367,3.0620019203768147,0.0022536190031894844,0.00807546809476232,-2.251159249488164,B-Cell Acute Lymphoblastic Leukemia
NuA4/TIP60,0.0250218197498195,0.7442379977416442,1.0135380546979165,0.31103276045436024,0.40528511210719664,-6.365307811659987,B-Cell Acute Lymphoblastic Leukemia
NuRD (Mi-2/NuRD),0.015309528699519648,0.23344356913279152,1.0159841436950199,0.3098669936793949,0.40528511210719664,-6.362851768200603,B-Cell Acute Lymphoblastic Leukemia
PBAF,0.13515981317950576,0.3440632730803972,3.8122162225763834,1.4560177803036513e-4,7.826095569132126e-4,0.2741859448726922,B-Cell Acute Lymphoblastic Leukemia
PCAF complex,0.07864679270412941,0.4083963325654916,2.493949776248659,0.012783390711411923,0.03053810003281737,-3.8026557331962025,B-Cell Acute Lymphoblastic Leukemia
PR-DUB,-0.036075400892344275,0.19108004058717235,-1.1559556623093514,0.24795782311383047,0.3853461517704662,-6.2124690820185,B-Cell Acute Lymphoblastic Leukemia
PRC1 (canonical and variant PCGF complexes),0.0028559144443093447,0.0774263117434509,0.291766269700607,0.7705219864431067,0.7888677480250853,-6.831623229539507,B-Cell Acute Lymphoblastic Leukemia
PRC2,0.0498775772818643,0.2068612206504066,2.453719821887159,0.014297537950884077,0.03235758588884291,-3.9006573553318704,B-Cell Acute Lymphoblastic Leukemia
Piccolo NuA4,-0.020101015897718733,0.7310030581752486,-0.44816786793058455,0.6541229535332139,0.6860313902909317,-6.774320917483218,B-Cell Acute Lymphoblastic Leukemia
RSF,0.16052809409481403,0.25863721200632345,3.571664088489384,3.7052439668490124e-4,0.0014484135506773411,-0.5942118736493311,B-Cell Acute Lymphoblastic Leukemia
SAGA,0.1507583476331018,0.3105263303613374,4.359834750257736,1.4273871658954472e-5,1.5344412033376056e-4,2.4557502631164283,B-Cell Acute Lymphoblastic Leukemia
SET1C/COMPASS,0.07647542152379709,0.589783839656728,2.1813477780653407,0.02937522204854077,0.05741520673123878,-4.522681130043569,B-Cell Acute Lymphoblastic Leukemia
SETDB1-ATF7IP/KAP1,0.21680267179595822,0.2953410291228548,4.282071445460797,2.0182344144602268e-5,1.735681596435795e-4,2.1287307276432657,B-Cell Acute Lymphoblastic Leukemia
SRCAP,0.018412178856603706,0.8039866308943082,0.6842106741044519,0.49399058211856706,0.574097163002659,-6.64199602380897,B-Cell Acute Lymphoblastic Leukemia
STAGA/TFTC,0.019349048264329264,0.252413731020777,0.9416316983464349,0.346594129605985,0.4383396345016869,-6.434867143138115,B-Cell Acute Lymphoblastic Leukemia
SUV39H1/2-HP1,0.017743213753700443,0.10173277260252934,1.1243767620873,0.2611058201789667,0.38715690578260586,-6.248086166406052,B-Cell Acute Lymphoblastic Leukemia
WICH / B-WICH,0.21955197790793496,0.3771652369105695,3.770280851357799,1.7199961339736124e-4,8.217759306762814e-4,0.11883219552652591,B-Cell Acute Lymphoblastic Leukemia
mSin3A/HDAC,0.043761252586889225,0.30224111428184264,2.3270030575815506,0.020151314314611632,0.04332532577641501,-4.199045319242915,B-Cell Acute Lymphoblastic Leukemia
ncBAF (non-canonical BAF / bBAF),0.18402964456271914,0.35936621971996374,6.261081538535983,5.529368493652722e-10,1.1888142261353354e-8,12.18788613448291,B-Cell Acute Lymphoblastic Leukemia
Lineage,NA,NA,NA,NA,NA,NA,Bladder Urothelial Carcinoma
ACF,-0.022052753681685716,0.2940597214083108,-0.6988599137497797,0.4847917413036239,0.8623159144911507,-6.1755722954939225,Bladder Urothelial Carcinoma
ATAC,0.04958415156242467,0.2862401943992777,2.0837427936608837,0.037420870598009845,0.29726630319228636,-4.302118615966842,Bladder Urothelial Carcinoma
BAF (canonical/cBAF),0.002269241296687643,0.28103164933152663,0.15223121054181088,0.8790333266324675,0.9841189147075131,-6.402217688793923,Bladder Urothelial Carcinoma
BCOR complex,-0.02440556870543628,0.07688398925835595,-2.2848527080111474,0.022516829390364087,0.29726630319228636,-3.8759610468740116,Bladder Urothelial Carcinoma
BRCA1-A,0.006180660229318091,0.23973389480036114,0.3045709826875139,0.7607522618561345,0.9841189147075131,-6.36830966727856,Bladder Urothelial Carcinoma
CAF-1,0.0013791902805691339,0.9690249844625101,0.14793983133084043,0.8824181726168597,0.9841189147075131,-6.402845373643979,Bladder Urothelial Carcinoma
CHRAC,-0.037077824058102074,0.26206692106594376,-1.4599209131956083,0.14460589788843,0.5150107612285445,-5.375983188205768,Bladder Urothelial Carcinoma
DAXX-ATRX,-7.584557556592772e-4,0.25018074947967495,-0.019909965133566573,0.9841189147075131,0.9841189147075131,-6.413316960614069,Bladder Urothelial Carcinoma
DNMT1-UHRF1,-0.030111218318034077,0.7253934436802176,-0.7223603682855885,0.4702310884878449,0.8623159144911507,-6.159305124527068,Bladder Urothelial Carcinoma
Elongator,0.0836736977213276,0.7476231388617897,2.4806901340394836,0.013265972126240845,0.29726630319228636,-3.4236628331848484,Bladder Urothelial Carcinoma
FACT,0.004997061468408711,0.9846571827461597,0.8061933015773172,0.4203108373573645,0.8570351894788306,-6.096897777711773,Bladder Urothelial Carcinoma
G9a/GLP,-0.02397288378995989,0.1813339326617885,-0.7998108987512056,0.423998227806094,0.8570351894788306,-6.101889415459662,Bladder Urothelial Carcinoma
HAT1 complex,0.005761100267121653,0.5070069141011739,0.38599744696381977,0.6995754254074469,0.9841189147075131,-6.340912427970205,Bladder Urothelial Carcinoma
HBO1,-0.02478875930989115,0.1272006936982836,-1.8101773269025445,0.07054920099291202,0.337068404743913,-4.819303894016702,Bladder Urothelial Carcinoma
HIRA,-0.05239485583896118,0.42351438993766954,-1.9324240264311927,0.05357138532041358,0.29726630319228636,-4.597108697316068,Bladder Urothelial Carcinoma
INO80,0.0043488724186871545,0.6562516235772355,0.1996955901835304,0.8417566783793976,0.9841189147075131,-6.394078291789335,Bladder Urothelial Carcinoma
LSD1-CoREST,-0.0036893029330325334,0.15410883043179746,-0.2099212786069705,0.8337691535035523,0.9841189147075131,-6.3920373152706675,Bladder Urothelial Carcinoma
MLL1/MLL2 (KMT2A/KMT2B),-0.018057646412959292,0.4921214235772354,-0.8018127159280053,0.4228396697686899,0.8570351894788306,-6.100328057672916,Bladder Urothelial Carcinoma
MLL3/MLL4 (KMT2C/KMT2D),0.01766295614819139,0.3775775624299912,0.8865854928950716,0.3755017042726685,0.8570351894788306,-6.0306303759497135,Bladder Urothelial Carcinoma
MOZ/MORF,-0.035254256022455605,0.1292105213351399,-2.1745458418454513,0.029883076270057245,0.29726630319228636,-4.114518690115194,Bladder Urothelial Carcinoma
MSL,-8.091677121510233e-4,0.3698017822041551,-0.04981466664686057,0.9602793922521217,0.9841189147075131,-6.412300922099033,Bladder Urothelial Carcinoma
Menin-MLL,-0.019015241268732358,0.532817426829269,-0.7750475678765331,0.43848312019847147,0.8570351894788306,-6.120881688753607,Bladder Urothelial Carcinoma
NSL,-2.539019164797988e-4,0.690279032429991,-0.022545664634010143,0.9820168967486125,0.9841189147075131,-6.41326243309872,Bladder Urothelial Carcinoma
NURF,0.007008297339724246,0.430541240740741,0.3689924755110055,0.7122064732924653,0.9841189147075131,-6.3471676379797515,Bladder Urothelial Carcinoma
NoRC,-0.02369014291429134,0.2806835276856367,-0.779841961177835,0.4356566920913101,0.8570351894788306,-6.117251191298043,Bladder Urothelial Carcinoma
NuA4/TIP60,0.0035114873107948475,0.7442379977416442,0.2209172818715961,0.8251990625899739,0.9841189147075131,-6.3897288963730015,Bladder Urothelial Carcinoma
NuRD (Mi-2/NuRD),-0.008970955398041243,0.23344356913279152,-0.9246582005627841,0.3553525577080229,0.8570351894788306,-5.99705407747612,Bladder Urothelial Carcinoma
PBAF,0.03996325974048095,0.3440632730803972,1.7506860350569138,0.08028712047390378,0.34523461803778627,-4.922217629619802,Bladder Urothelial Carcinoma
PCAF complex,-0.039692523393431656,0.4083963325654916,-1.9549372226234647,0.05085105032881239,0.29726630319228636,-4.554617096541474,Bladder Urothelial Carcinoma
PR-DUB,-0.0012838074533199407,0.19108004058717235,-0.06389212355859322,0.9490680803760767,0.9841189147075131,-6.41152092235443,Bladder Urothelial Carcinoma
PRC1 (canonical and variant PCGF complexes),-0.008953435214227212,0.0774263117434509,-1.4206824147357322,0.1557009278132809,0.5150107612285445,-5.430951925941237,Bladder Urothelial Carcinoma
PRC2,-0.025109616596184478,0.2068612206504066,-1.9185676704007875,0.05530535873344863,0.29726630319228636,-4.623018033068734,Bladder Urothelial Carcinoma
Piccolo NuA4,0.019396798248622373,0.7310030581752486,0.6716920017194492,0.5019250607468284,0.8623159144911507,-6.193708268431044,Bladder Urothelial Carcinoma
RSF,-0.018560604675917653,0.25863721200632345,-0.6414002101490374,0.5214003203899982,0.8623159144911507,-6.213082538772404,Bladder Urothelial Carcinoma
SAGA,-0.0464729846351908,0.3105263303613374,-2.087404639250811,0.03708815946539481,0.29726630319228636,-4.294706726760587,Bladder Urothelial Carcinoma
SET1C/COMPASS,-0.005509379207910476,0.589783839656728,-0.24407489855951547,0.8072196926740806,0.9841189147075131,-6.384482002514157,Bladder Urothelial Carcinoma
SETDB1-ATF7IP/KAP1,0.04396057292766556,0.2953410291228548,1.3485592815029348,0.1777644689946585,0.5459908690550226,-5.528096962039635,Bladder Urothelial Carcinoma
SRCAP,0.001653777637091374,0.8039866308943082,0.09545071689304552,0.9239747401695462,0.9841189147075131,-6.40907054722791,Bladder Urothelial Carcinoma
STAGA/TFTC,-0.013207037467378181,0.252413731020777,-0.9982614293350954,0.31837867819164684,0.8570351894788306,-5.928148097249318,Bladder Urothelial Carcinoma
SUV39H1/2-HP1,-0.01513403380483624,0.10173277260252934,-1.4895383731495968,0.1366408353595307,0.5150107612285445,-5.333504725796447,Bladder Urothelial Carcinoma
WICH / B-WICH,-0.00567510542865042,0.3771652369105695,-0.15136577953245678,0.8797157688691553,0.9841189147075131,-6.402345715011317,Bladder Urothelial Carcinoma
mSin3A/HDAC,-0.0018049841448181036,0.30224111428184264,-0.14907266665742555,0.8815244314554778,0.9841189147075131,-6.402681421405683,Bladder Urothelial Carcinoma
ncBAF (non-canonical BAF / bBAF),4.431418554018212e-4,0.35936621971996374,0.02341648817679699,0.981322427282753,0.9841189147075131,-6.413242929416387,Bladder Urothelial Carcinoma
Lineage,NA,NA,NA,NA,NA,NA,Cervical Squamous Cell Carcinoma
ACF,-0.08403628715410609,0.2940597214083108,-1.7828703230883525,0.0748913849289359,0.3655822842441607,-4.530284921017772,Cervical Squamous Cell Carcinoma
ATAC,0.027680198144038236,0.2862401943992777,0.7787463337174775,0.43630166570944595,0.7215758317502375,-5.742039142900682,Cervical Squamous Cell Carcinoma
BAF (canonical/cBAF),-0.010970470132955927,0.28103164933152663,-0.4926901249891927,0.6223328129187962,0.8334363669448666,-5.913628046783218,Cervical Squamous Cell Carcinoma
BCOR complex,-0.015020033554591984,0.07688398925835595,-0.9413817515330236,0.3467220968539523,0.6482195723791282,-5.610097870293869,Cervical Squamous Cell Carcinoma
BRCA1-A,-0.03152928135342111,0.23973389480036114,-1.0401436516553064,0.2985085838142143,0.5834485956368735,-5.51782115758921,Cervical Squamous Cell Carcinoma
CAF-1,9.745193612450767e-4,0.9690249844625101,0.06998049322661062,0.9442222837826463,0.966703766729852,-6.025873478090837,Cervical Squamous Cell Carcinoma
CHRAC,-0.10916585802433093,0.26206692106594376,-2.8775807467692385,0.004087169782399496,0.08787415032158916,-2.1358815133986804,Cervical Squamous Cell Carcinoma
DAXX-ATRX,-0.10027099707498392,0.25018074947967495,-1.76214311565314,0.07833116436385223,0.3655822842441607,-4.564857815733408,Cervical Squamous Cell Carcinoma
DNMT1-UHRF1,0.0108118003645173,0.7253934436802176,0.17363976804438266,0.8621814821965635,0.9268450933613057,-6.013954483384359,Cervical Squamous Cell Carcinoma
Elongator,-0.028261735539460316,0.7476231388617897,-0.5609291137598585,0.5749635269096204,0.8241143885704559,-5.879702856121537,Cervical Squamous Cell Carcinoma
FACT,8.596543389528385e-4,0.9846571827461597,0.09284829844403528,0.9260414902101971,0.966703766729852,-6.0241160471944095,Cervical Squamous Cell Carcinoma
G9a/GLP,0.02841774060906458,0.1813339326617885,0.6347199945762596,0.5257469971449775,0.779555892318415,-5.838075594763045,Cervical Squamous Cell Carcinoma
HAT1 complex,-0.02784765167659309,0.5070069141011739,-1.2490883919458997,0.21190640257510818,0.5062208505960918,-5.292356053895403,Cervical Squamous Cell Carcinoma
HBO1,-0.014316782285125675,0.1272006936982836,-0.6999021810715538,0.4841407854696357,0.7710390287109012,-5.797034339664231,Cervical Squamous Cell Carcinoma
HIRA,0.01092362206047601,0.42351438993766954,0.26971558408235424,0.787431174811177,0.8910405399179108,-5.993851084252317,Cervical Squamous Cell Carcinoma
INO80,-0.03801280405410842,0.6562516235772355,-1.1685500285796566,0.24284574802173434,0.5221183582467288,-5.384124056926655,Cervical Squamous Cell Carcinoma
LSD1-CoREST,-0.04440694886248844,0.15410883043179746,-1.6915649437935694,0.09102069265263904,0.3655822842441607,-4.679567763932938,Cervical Squamous Cell Carcinoma
MLL1/MLL2 (KMT2A/KMT2B),-0.05247563252928177,0.4921214235772354,-1.5598939464499826,0.11908121077983275,0.39388400488713904,-4.88110601169973,Cervical Squamous Cell Carcinoma
MLL3/MLL4 (KMT2C/KMT2D),0.00843661654969252,0.3775775624299912,0.283498742252263,0.7768494921369832,0.8910405399179108,-5.990252473907649,Cervical Squamous Cell Carcinoma
MOZ/MORF,-0.039631616624706996,0.1292105213351399,-1.6365316070902534,0.10202296304488206,0.3655822842441607,-4.765777831794996,Cervical Squamous Cell Carcinoma
MSL,-0.0156133831342898,0.3698017822041551,-0.643489250319035,0.520044817871294,0.779555892318415,-5.832787330920847,Cervical Squamous Cell Carcinoma
Menin-MLL,-0.050804533801565244,0.532817426829269,-1.3862915754082523,0.16594723172781023,0.4433671122521991,-5.121989104126527,Cervical Squamous Cell Carcinoma
NSL,0.030565522623858084,0.690279032429991,1.8169981515595686,0.06949751070865909,0.3655822842441607,-4.47248434969641,Cervical Squamous Cell Carcinoma
NURF,-0.051070254528943614,0.430541240740741,-1.800108195296252,0.07212566803554432,0.3655822842441607,-4.501226236938117,Cervical Squamous Cell Carcinoma
NoRC,-0.051221973193090506,0.2806835276856367,-1.1288099254725361,0.2592315223518603,0.5308074029109521,-5.4271585469383234,Cervical Squamous Cell Carcinoma
NuA4/TIP60,-0.005221894978135434,0.7442379977416442,-0.21993397155789943,0.8259646040561806,0.9106789224209171,-6.005355219408795,Cervical Squamous Cell Carcinoma
NuRD (Mi-2/NuRD),-0.03163676809222509,0.23344356913279152,-2.183032669948052,0.029250520860703996,0.31221208276170775,-3.7841795556383766,Cervical Squamous Cell Carcinoma
PBAF,-0.01072339152030681,0.3440632730803972,-0.31448875440735724,0.753211282615562,0.8910405399179108,-5.981506646651138,Cervical Squamous Cell Carcinoma
PCAF complex,-0.026705807802437264,0.4083963325654916,-0.8805528386064765,0.3787580034205541,0.6786080894618262,-5.662362884297848,Cervical Squamous Cell Carcinoma
PR-DUB,0.02499777807013239,0.19108004058717235,0.8328646592328879,0.4051072752921915,0.6967845135025693,-5.700900417868271,Cervical Squamous Cell Carcinoma
PRC1 (canonical and variant PCGF complexes),-0.011071479007848214,0.0774263117434509,-1.1760845538202613,0.23982312236010447,0.5221183582467288,-5.375797521385311,Cervical Squamous Cell Carcinoma
PRC2,-0.04101370372188807,0.2068612206504066,-2.0979330573509185,0.036145523816541826,0.31221208276170775,-3.955350197451186,Cervical Squamous Cell Carcinoma
Piccolo NuA4,-0.016050058111602594,0.7310030581752486,-0.3720851464112932,0.7099032722075891,0.8768721520786481,-5.9628446917767874,Cervical Squamous Cell Carcinoma
RSF,-0.05886342425415407,0.25863721200632345,-1.3617835876264737,0.1735533773818785,0.4433671122521991,-5.153717710106386,Cervical Squamous Cell Carcinoma
SAGA,-0.06970930337065044,0.3105263303613374,-2.096150291857827,0.03630373055368695,0.31221208276170775,-3.9588645281733097,Cervical Squamous Cell Carcinoma
SET1C/COMPASS,0.04573150360634839,0.589783839656728,1.3563180096949288,0.17528467228575315,0.4433671122521991,-5.160716680281924,Cervical Squamous Cell Carcinoma
SETDB1-ATF7IP/KAP1,-0.0684514839057303,0.2953410291228548,-1.405772883546808,0.16008243116429752,0.4433671122521991,-5.09636597487831,Cervical Squamous Cell Carcinoma
SRCAP,-0.012121699661219737,0.8039866308943082,-0.468372291671568,0.6396139560274557,0.8334363669448666,-5.924656181559438,Cervical Squamous Cell Carcinoma
STAGA/TFTC,-0.06242449660433879,0.252413731020777,-3.1587810657377284,0.0016287695880423225,0.07003709228581986,-1.34189861624324,Cervical Squamous Cell Carcinoma
SUV39H1/2-HP1,-5.588073391701525e-4,0.10173277260252934,-0.03682007708979181,0.9706353451015624,0.9706353451015624,-6.027545021569194,Cervical Squamous Cell Carcinoma
WICH / B-WICH,-0.09382965449168974,0.3771652369105695,-1.6754037412461977,0.09414777374706651,0.3655822842441607,-4.705178479633603,Cervical Squamous Cell Carcinoma
mSin3A/HDAC,-0.009467672253636,0.30224111428184264,-0.5234719802283981,0.6007544189427774,0.833304516598046,-5.898868530400848,Cervical Squamous Cell Carcinoma
ncBAF (non-canonical BAF / bBAF),-0.010372793570488993,0.35936621971996374,-0.36694444944923493,0.7137331470407601,0.8768721520786481,-5.964637569699337,Cervical Squamous Cell Carcinoma
Lineage,NA,NA,NA,NA,NA,NA,Colorectal Adenocarcinoma
ACF,0.03827996790530613,0.2940597214083108,1.7040278624009502,0.08866677283209311,0.18155577294190492,-5.315192734129623,Colorectal Adenocarcinoma
ATAC,-0.06582888739692465,0.2862401943992777,-3.8859352732999213,1.082129722196241e-4,9.306315610887673e-4,0.6554113490169513,Colorectal Adenocarcinoma
BAF (canonical/cBAF),-0.03677033847567008,0.28103164933152663,-3.4649619756926877,5.513620990134679e-4,0.003951428376263187,-0.8529507464620574,Colorectal Adenocarcinoma
BCOR complex,-0.014677922677793975,0.07688398925835595,-1.9302417061964514,0.05384137351107129,0.12862105894311474,-4.910583473543526,Colorectal Adenocarcinoma
BRCA1-A,-0.03129603384873061,0.23973389480036114,-2.1663108787822116,0.03050809190869614,0.08745653013826227,-4.435041124548143,Colorectal Adenocarcinoma
CAF-1,-0.0011196812641457085,0.9690249844625101,-0.1687070243429065,0.8660590316742771,0.9083058137071687,-6.7327319573250914,Colorectal Adenocarcinoma
CHRAC,-0.017907355147532736,0.26206692106594376,-0.990431308464386,0.3221876896028807,0.5328488712663026,-6.262711597027439,Colorectal Adenocarcinoma
DAXX-ATRX,-0.12487870918004945,0.25018074947967495,-4.604754405150447,4.626025991719986e-6,9.94595588219797e-5,3.6175646646733384,Colorectal Adenocarcinoma
DNMT1-UHRF1,-0.032206309864375324,0.7253934436802176,-1.0852864307702634,0.27803973200274124,0.4782283390447149,-6.165605243326432,Colorectal Adenocarcinoma
Elongator,-0.07467091291281833,0.7476231388617897,-3.109659529218028,0.001922640517251209,0.010334192780225248,-1.9944866781382675,Colorectal Adenocarcinoma
FACT,-0.005325580808014167,0.9846571827461597,-1.2068944650038473,0.22773997996890344,0.4080341307776187,-6.0281593771326945,Colorectal Adenocarcinoma
G9a/GLP,-0.026793872600691604,0.1813339326617885,-1.2556839660467631,0.20950522468282665,0.3916836809287629,-5.968927527100978,Colorectal Adenocarcinoma
HAT1 complex,-0.0033995053101141775,0.5070069141011739,-0.31994295028977054,0.7490741467049777,0.8978443696758359,-6.696249083056114,Colorectal Adenocarcinoma
HBO1,0.001272160821816193,0.1272006936982836,0.13049268580988546,0.8962012098576804,0.9175393339019108,-6.738376662566641,Colorectal Adenocarcinoma
HIRA,0.009140580034209731,0.42351438993766954,0.47354947278570353,0.6359179971931104,0.828620420584962,-6.6360834601264775,Colorectal Adenocarcinoma
INO80,-0.008603767906516199,0.6562516235772355,-0.5549557005825134,0.5790411698589151,0.8031861388365596,-6.594758003201898,Colorectal Adenocarcinoma
LSD1-CoREST,-0.01793476750539032,0.15410883043179746,-1.4334604662472974,0.15201897542758128,0.29712799742663615,-5.733311974835958,Colorectal Adenocarcinoma
MLL1/MLL2 (KMT2A/KMT2B),0.0031656755382602837,0.4921214235772354,0.19744949073612458,0.8435133762998761,0.9083058137071687,-6.727536301619635,Colorectal Adenocarcinoma
MLL3/MLL4 (KMT2C/KMT2D),-0.010952923575386124,0.3775775624299912,-0.7722627911413176,0.44012965778194657,0.6308525094874567,-6.452429064139588,Colorectal Adenocarcinoma
MOZ/MORF,0.010344790847463143,0.1292105213351399,0.896306510131256,0.37029104068204244,0.585773367315619,-6.350313073657483,Colorectal Adenocarcinoma
MSL,-0.0036599857609313207,0.3698017822041551,-0.3165015944362764,0.751683658333258,0.8978443696758359,-6.697330294783273,Colorectal Adenocarcinoma
Menin-MLL,0.0037988618206987023,0.532817426829269,0.21749928691781997,0.8278608085795561,0.9083058137071687,-6.72342906344675,Colorectal Adenocarcinoma
NSL,-0.04134289313599151,0.690279032429991,-5.1567461314681635,2.993084668477263e-7,1.287026407445223e-5,6.218780782568279,Colorectal Adenocarcinoma
NURF,0.0028244502990739653,0.430541240740741,0.2088895675579232,0.8345742829246146,0.9083058137071687,-6.725241401951995,Colorectal Adenocarcinoma
NoRC,0.05954329325969255,0.2806835276856367,2.753275011800112,0.006000299034792027,0.025801285849605712,-3.0176769065934477,Colorectal Adenocarcinoma
NuA4/TIP60,-0.024085162770505385,0.7442379977416442,-2.1284624674092747,0.03352714085068004,0.0901041910362026,-4.51494216655951,Colorectal Adenocarcinoma
NuRD (Mi-2/NuRD),-6.44444227309513e-4,0.23344356913279152,-0.09330516581196847,0.9256786247793648,0.9256786247793648,-6.742485424264854,Colorectal Adenocarcinoma
PBAF,-0.07164410710504723,0.3440632730803972,-4.408650379298656,1.14523260400107e-5,1.6415000657348671e-4,2.761431403589082,Colorectal Adenocarcinoma
PCAF complex,-0.007093114856846089,0.4083963325654916,-0.4907258338782571,0.6237211843376931,0.828620420584962,-6.627908237327912,Colorectal Adenocarcinoma
PR-DUB,0.004933401001964677,0.19108004058717235,0.34488290723847553,0.7302503086981482,0.8978443696758359,-6.68806402707445,Colorectal Adenocarcinoma
PRC1 (canonical and variant PCGF complexes),-0.0038121116532516246,0.0774263117434509,-0.8496708999658183,0.3956984673357663,0.5867253136357914,-6.390483410750109,Colorectal Adenocarcinoma
PRC2,-0.008158315766916264,0.2068612206504066,-0.8756193979920046,0.3814338205776123,0.585773367315619,-6.368396705823525,Colorectal Adenocarcinoma
Piccolo NuA4,0.0038256548339885336,0.7310030581752486,0.18609029953331963,0.8524092882691667,0.9083058137071687,-6.729687130624389,Colorectal Adenocarcinoma
RSF,0.04892895092408228,0.25863721200632345,2.375093462982576,0.017720308359237047,0.058613327649784074,-3.9692157332723292,Colorectal Adenocarcinoma
SAGA,-0.039371176066084895,0.3105263303613374,-2.484061192985782,0.013141778365168907,0.04978649089780622,-3.709263015622327,Colorectal Adenocarcinoma
SET1C/COMPASS,-0.03185750977701605,0.589783839656728,-1.9824858665404825,0.04768082519978153,0.1206044402112121,-4.810028367952795,Colorectal Adenocarcinoma
SETDB1-ATF7IP/KAP1,-0.03991116120404165,0.2953410291228548,-1.7198037247066111,0.0857578453703947,0.18155577294190492,-5.288600033547034,Colorectal Adenocarcinoma
SRCAP,-0.03397961911087521,0.8039866308943082,-2.754852868630621,0.005971646864844547,0.025801285849605712,-3.0134168085671216,Colorectal Adenocarcinoma
STAGA/TFTC,-0.017865920394207355,0.252413731020777,-1.896889789639492,0.05811202208051337,0.13151668155063553,-4.973382206628893,Colorectal Adenocarcinoma
SUV39H1/2-HP1,-0.0231892205186573,0.10173277260252934,-3.2059811880371547,0.0013859494561402521,0.008513689516290121,-1.6969646683321873,Colorectal Adenocarcinoma
WICH / B-WICH,0.06576881419248798,0.3771652369105695,2.4640618368104645,0.013893904436597085,0.04978649089780622,-3.757837030273404,Colorectal Adenocarcinoma
mSin3A/HDAC,-0.020061158307419794,0.30224111428184264,-2.32733262186482,0.020133708951283694,0.06183924892179992,-4.079516965805817,Colorectal Adenocarcinoma
ncBAF (non-canonical BAF / bBAF),-0.05295039442102035,0.35936621971996374,-3.930302831342339,9.029732547798943e-5,9.306315610887673e-4,0.8241736087622602,Colorectal Adenocarcinoma
Lineage,NA,NA,NA,NA,NA,NA,Cutaneous Squamous Cell Carcinoma
ACF,-0.01096556411095408,0.2940597214083108,-0.14545427839231476,0.8843796593420171,0.9837317914337957,-5.591868425747127,Cutaneous Squamous Cell Carcinoma
ATAC,-0.11012158326684351,0.2862401943992777,-1.9370547204532624,0.05300211595655544,0.5697727465329709,-3.9775728557156023,Cutaneous Squamous Cell Carcinoma
BAF (canonical/cBAF),-0.019048144166726948,0.28103164933152663,-0.5348646675616779,0.5928547604919958,0.9793648203586621,-5.477033799941852,Cutaneous Squamous Cell Carcinoma
BCOR complex,-0.041863280749338726,0.07688398925835595,-1.6404793005422664,0.10119994861506375,0.6723825127544593,-4.435988222951818,Cutaneous Squamous Cell Carcinoma
BRCA1-A,0.04063497792687906,0.23973389480036114,0.8381502929326611,0.4021338408534699,0.9793648203586621,-5.296597899829887,Cutaneous Squamous Cell Carcinoma
CAF-1,0.01705225174398424,0.9690249844625101,0.7656157956853621,0.4440740710399026,0.9793648203586621,-5.34699581894795,Cutaneous Squamous Cell Carcinoma
CHRAC,-0.06735252083858993,0.26206692106594376,-1.110036255036173,0.2672332751671562,0.8207879165848371,-5.067196967795213,Cutaneous Squamous Cell Carcinoma
DAXX-ATRX,-0.1449372598922447,0.25018074947967495,-1.5925332650859036,0.11156084891290452,0.6723825127544593,-4.503004592315834,Cutaneous Squamous Cell Carcinoma
DNMT1-UHRF1,0.03895835639903866,0.7253934436802176,0.3911960198150259,0.6957303816235998,0.9793648203586621,-5.534700320417906,Cutaneous Squamous Cell Carcinoma
Elongator,0.0031453637701081877,0.7476231388617897,0.039032166326790754,0.9688720381060565,0.9934599311451726,-5.600380095248742,Cutaneous Squamous Cell Carcinoma
FACT,0.009401236102555152,0.9846571827461597,0.6348595712957511,0.5256559570452388,0.9793648203586621,-5.426343358504365,Cutaneous Squamous Cell Carcinoma
G9a/GLP,0.0017794081378448821,0.1813339326617885,0.024849109406866177,0.9801799616094508,0.9934599311451726,-5.600772890815795,Cutaneous Squamous Cell Carcinoma
HAT1 complex,-0.00483252524507349,0.5070069141011739,-0.13552560289245627,0.8922218573469309,0.9837317914337957,-5.5930778580468905,Cutaneous Squamous Cell Carcinoma
HBO1,-0.01716418000745216,0.1272006936982836,-0.5246354210255347,0.5999455113833937,0.9793648203586621,-5.481731001962397,Cutaneous Squamous Cell Carcinoma
HIRA,-0.04625168711700992,0.42351438993766954,-0.7140186835093412,0.4753716437360842,0.9793648203586621,-5.3800746700988205,Cutaneous Squamous Cell Carcinoma
INO80,0.010151810955272244,0.6562516235772355,0.1951207907794211,0.8453355003396437,0.9837317914337957,-5.584535344279087,Cutaneous Squamous Cell Carcinoma
LSD1-CoREST,-0.04194912487449599,0.15410883043179746,-0.9990869104740674,0.31797890278391794,0.9115395213138981,-5.168526590801795,Cutaneous Squamous Cell Carcinoma
MLL1/MLL2 (KMT2A/KMT2B),-0.012851934217837164,0.4921214235772354,-0.2388627932724178,0.8112578046405803,0.9837317914337957,-5.5763058399167305,Cutaneous Squamous Cell Carcinoma
MLL3/MLL4 (KMT2C/KMT2D),0.03244308087989884,0.3775775624299912,0.6816281808145539,0.4956218749718544,0.9793648203586621,-5.399662769297596,Cutaneous Squamous Cell Carcinoma
MOZ/MORF,-0.059452004798065373,0.1292105213351399,-1.534941172945135,0.1250944209775738,0.6723825127544593,-4.5808895209861955,Cutaneous Squamous Cell Carcinoma
MSL,-0.013876354541419408,0.3698017822041551,-0.3575710000184556,0.7207350251674616,0.9793648203586621,-5.545613930088401,Cutaneous Squamous Cell Carcinoma
Menin-MLL,-0.01855762565897609,0.532817426829269,-0.3166045454313911,0.7516055598101361,0.9793648203586621,-5.557586081527976,Cutaneous Squamous Cell Carcinoma
NSL,2.2058881522755665e-4,0.690279032429991,0.008198771255552042,0.9934599311451726,0.9934599311451726,-5.601011446720457,Cutaneous Squamous Cell Carcinoma
NURF,0.021148800315333977,0.430541240740741,0.46607836695805327,0.6412544506454713,0.9793648203586621,-5.50687516522022,Cutaneous Squamous Cell Carcinoma
NoRC,-0.02706608061673025,0.2806835276856367,-0.3729344540973792,0.7092712314815008,0.9793648203586621,-5.540749017576853,Cutaneous Squamous Cell Carcinoma
NuA4/TIP60,0.08659416633518544,0.7442379977416442,2.2803181360097833,0.02278519013113782,0.44048532368941146,-3.3529269903098644,Cutaneous Squamous Cell Carcinoma
NuRD (Mi-2/NuRD),-0.027526320129748663,0.23344356913279152,-1.1875691376934046,0.23526720054189407,0.7781915094847265,-4.99007536300224,Cutaneous Squamous Cell Carcinoma
PBAF,0.02962441169170055,0.3440632730803972,0.5432069456169036,0.5871006802528292,0.9793648203586621,-5.47313596038382,Cutaneous Squamous Cell Carcinoma
PCAF complex,-0.0677604155397732,0.4083963325654916,-1.3969098674530913,0.1627308666756943,0.7774919185616506,-4.755935124660632,Cutaneous Squamous Cell Carcinoma
PR-DUB,-0.11365281037039304,0.19108004058717235,-2.3675318354469765,0.018084622156721207,0.44048532368941146,-3.178194402271891,Cutaneous Squamous Cell Carcinoma
PRC1 (canonical and variant PCGF complexes),-0.019352608921544293,0.0774263117434509,-1.2853311946255868,0.1989551683039858,0.7781915094847265,-4.8854359810197385,Cutaneous Squamous Cell Carcinoma
PRC2,0.01615549915991303,0.2068612206504066,0.5166847454416817,0.605483195914525,0.9793648203586621,-5.485319286862772,Cutaneous Squamous Cell Carcinoma
Piccolo NuA4,0.14925499337057382,0.7310030581752486,2.163401945341843,0.03073153421088917,0.44048532368941146,-3.576991578411513,Cutaneous Squamous Cell Carcinoma
RSF,-0.022454615485673825,0.25863721200632345,-0.32479610898046296,0.7453989997050452,0.9793648203586621,-5.555308507900568,Cutaneous Squamous Cell Carcinoma
SAGA,-0.08165779795226387,0.3105263303613374,-1.535224744244359,0.1250248179116699,0.6723825127544593,-4.58051306717565,Cutaneous Squamous Cell Carcinoma
SET1C/COMPASS,0.06815284664574799,0.589783839656728,1.2637834691688563,0.20658353857650658,0.7781915094847265,-4.909207983578612,Cutaneous Squamous Cell Carcinoma
SETDB1-ATF7IP/KAP1,0.09439801647400693,0.2953410291228548,1.2120981420126984,0.22574290123877008,0.7781915094847265,-4.96459581872476,Cutaneous Squamous Cell Carcinoma
SRCAP,-0.027533914070225297,0.8039866308943082,-0.6651785719195552,0.5060799029984373,0.9793648203586621,-5.409262862423389,Cutaneous Squamous Cell Carcinoma
STAGA/TFTC,-0.005774995418597628,0.252413731020777,-0.1827084963449788,0.8550614179010465,0.9837317914337957,-5.586568429150684,Cutaneous Squamous Cell Carcinoma
SUV39H1/2-HP1,0.010172893312236931,0.10173277260252934,0.41909232176939154,0.6752329193979514,0.9793648203586621,-5.524902410064856,Cutaneous Squamous Cell Carcinoma
WICH / B-WICH,-0.044992611492065085,0.3771652369105695,-0.5023000107651246,0.6155600504361542,0.9793648203586621,-5.491672187549859,Cutaneous Squamous Cell Carcinoma
mSin3A/HDAC,-8.284626326228651e-4,0.30224111428184264,-0.02863952242249209,0.9771574401989088,0.9934599311451726,-5.600684994441274,Cutaneous Squamous Cell Carcinoma
ncBAF (non-canonical BAF / bBAF),0.00792025536759714,0.35936621971996374,0.1751807552506188,0.8609708118380347,0.9837317914337957,-5.58773637061816,Cutaneous Squamous Cell Carcinoma
Lineage,NA,NA,NA,NA,NA,NA,Diffuse Glioma
ACF,-0.06919431509893079,0.2940597214083108,-3.246214291700591,0.0012058545896318628,0.00493324576298194,-1.6148688135275124,Diffuse Glioma
ATAC,0.018974724718041416,0.2862401943992777,1.1804733181261158,0.23807486585832843,0.35300755972096975,-6.110158002854314,Diffuse Glioma
BAF (canonical/cBAF),-0.00994649759166693,0.28103164933152663,-0.9878083003255443,0.3234702409607174,0.43466313629096404,-6.3164490385402985,Diffuse Glioma
BCOR complex,-0.02314595319468398,0.07688398925835595,-3.207922103548103,0.0013767197478089133,0.00493324576298194,-1.7358492203971077,Diffuse Glioma
BRCA1-A,0.0582853969654224,0.23973389480036114,4.25199632398711,2.3041563584281242e-5,4.953936170620466e-4,2.063551381257568,Diffuse Glioma
CAF-1,-0.019405881584768258,0.9690249844625101,-3.081582329596517,0.0021117581920845883,0.0064861144471169505,-2.1250311548176297,Diffuse Glioma
CHRAC,-0.05395152529066826,0.26206692106594376,-3.1448380448025843,0.0017076779314264565,0.005648473157795202,-1.932098039409838,Diffuse Glioma
DAXX-ATRX,-0.005468855331200354,0.25018074947967495,-0.21252799740348083,0.8317356946622243,0.8960081949052561,-6.776282600800241,Diffuse Glioma
DNMT1-UHRF1,0.04408761416997642,0.7253934436802176,1.5657472126871674,0.11770404928350696,0.20245096476763197,-5.588046282384418,Diffuse Glioma
Elongator,0.030620244613804286,0.7476231388617897,1.343914625388543,0.17926142826698235,0.2752943362671515,-5.906496489131762,Diffuse Glioma
FACT,0.00445488585865282,0.9846571827461597,1.0639973388778978,0.28757035976945483,0.39888791838988896,-6.239244271378416,Diffuse Glioma
G9a/GLP,-0.03020890261773042,0.1813339326617885,-1.4920433925218297,0.13598309469265035,0.21656566932533203,-5.6992156468874935,Diffuse Glioma
HAT1 complex,-0.0389218084797009,0.5070069141011739,-3.86057040039249,1.19912285361595e-4,0.0017187427568495285,0.5178770561956485,Diffuse Glioma
HBO1,-0.008715135362313024,0.1272006936982836,-0.9421497430452528,0.3463289980636003,0.435945399406145,-6.359973746352713,Diffuse Glioma
HIRA,0.017290378554992738,0.42351438993766954,0.9440559797935884,0.3453545625936423,0.435945399406145,-6.3581976701370175,Diffuse Glioma
INO80,-0.004006430886019199,0.6562516235772355,-0.2723509719922015,0.7854048128892805,0.8887475514273437,-6.761943370344257,Diffuse Glioma
LSD1-CoREST,-0.040534945840899304,0.15410883043179746,-3.4144535561571674,6.631116226093221e-4,0.0037136784370920464,-1.0666557762653568,Diffuse Glioma
MLL1/MLL2 (KMT2A/KMT2B),-0.04902618073106318,0.4921214235772354,-3.222695876044278,0.0013083131524067046,0.00493324576298194,-1.6893424761964937,Diffuse Glioma
MLL3/MLL4 (KMT2C/KMT2D),-0.04839504294559096,0.3775775624299912,-3.59614816191619,3.3773235039870635e-4,0.0029044982134288745,-0.4441920344613717,Diffuse Glioma
MOZ/MORF,-0.012682727327505448,0.1292105213351399,-1.1581081974388396,0.24707876756345773,0.35414623350762275,-6.135981247156591,Diffuse Glioma
MSL,0.009388001803479401,0.3698017822041551,0.8556010613821932,0.39241036770423154,0.468712383646721,-6.436834680413407,Diffuse Glioma
Menin-MLL,-0.058146257771652596,0.532817426829269,-3.508550676210654,4.6931526136809024e-4,0.003363426039804647,-0.7482255516072067,Diffuse Glioma
NSL,0.001540707825876436,0.690279032429991,0.20253347721448692,0.8395382569097598,0.8960081949052561,-6.778333321843902,Diffuse Glioma
NURF,0.031330889575382014,0.430541240740741,2.442064799500296,0.014764879692395165,0.0373464603984113,-3.858668929898309,Diffuse Glioma
NoRC,-0.0556752695739272,0.2806835276856367,-2.713193165357304,0.006771011882926763,0.018197094435365678,-3.172010905509927,Diffuse Glioma
NuA4/TIP60,0.006292597747071116,0.7442379977416442,0.5860680215847944,0.5579536237830699,0.6484325898019461,-6.628836494360533,Diffuse Glioma
NuRD (Mi-2/NuRD),-0.011918853124595756,0.23344356913279152,-1.8186807211262237,0.06924007031333962,0.129448827107548,-5.166002739992697,Diffuse Glioma
PBAF,-0.030153240992600347,0.3440632730803972,-1.955513539808118,0.050782961987118354,0.10398416025933757,-4.911555429004655,Diffuse Glioma
PCAF complex,-0.06574779611414618,0.4083963325654916,-4.79385366654616,1.8676052031295336e-6,8.030702373456995e-5,4.440462081280634,Diffuse Glioma
PR-DUB,0.02268376139381164,0.19108004058717235,1.671252105379713,0.09496485888400831,0.17014537216718156,-5.419629180355813,Diffuse Glioma
PRC1 (canonical and variant PCGF complexes),-0.008020961395608216,0.0774263117434509,-1.884140141486094,0.05981739705024912,0.1169158215073051,-5.046564047703645,Diffuse Glioma
PRC2,-0.02868515916780934,0.2068612206504066,-3.2446941919640966,0.0012122373426023767,0.00493324576298194,-1.6196936823191104,Diffuse Glioma
Piccolo NuA4,0.0035821163248845648,0.7310030581752486,0.18363661556002606,0.8543333951422208,0.8960081949052561,-6.781940781489674,Diffuse Glioma
RSF,-0.05947942010923958,0.25863721200632345,-3.0428683973495394,0.0024006256766623585,0.006881793606432094,-2.2412172798147765,Diffuse Glioma
SAGA,-0.05476130148919291,0.3105263303613374,-3.641323864473293,2.8424770224527756e-4,0.0029044982134288745,-0.28453690503572293,Diffuse Glioma
SET1C/COMPASS,-0.051889308929655924,0.589783839656728,-3.4031242473824395,6.909169185287528e-4,0.0037136784370920464,-1.1044238820476506,Diffuse Glioma
SETDB1-ATF7IP/KAP1,-0.0524147654946636,0.2953410291228548,-2.3803444824659437,0.017471122373094086,0.041736570113502534,-4.00500595239701,Diffuse Glioma
SRCAP,-0.010833361009421344,0.8039866308943082,-0.9256456450261279,0.3548392785863971,0.435945399406145,-6.375200586868328,Diffuse Glioma
STAGA/TFTC,0.0013251771255453012,0.252413731020777,0.14828331241584608,0.8821471701355776,0.9031506741864247,-6.7877417577081065,Diffuse Glioma
SUV39H1/2-HP1,8.301551197258014e-4,0.10173277260252934,0.1209583109236449,0.90374680347827,0.90374680347827,-6.791378762065111,Diffuse Glioma
WICH / B-WICH,-0.03886432222019967,0.3771652369105695,-1.5345616226633003,0.12518772499137876,0.20704123748574177,-5.635735464913261,Diffuse Glioma
mSin3A/HDAC,-0.016315095623347854,0.30224111428184264,-1.99477409370244,0.0463212712695914,0.09959073322962152,-4.83516594928374,Diffuse Glioma
ncBAF (non-canonical BAF / bBAF),-0.02639323682340253,0.35936621971996374,-2.064672214618018,0.03919500734532843,0.08870449030784855,-4.695436800597205,Diffuse Glioma
Lineage,NA,NA,NA,NA,NA,NA,Embryonal Tumor
ACF,0.02139283161587509,0.2940597214083108,0.4865435193322381,0.6266816851969751,0.8522360398497373,-5.981466707849631,Embryonal Tumor
ATAC,0.0994304891234003,0.2862401943992777,2.9987959529705313,0.0027732714546862456,0.05962533627575428,-1.8367793210382626,Embryonal Tumor
BAF (canonical/cBAF),-0.021492755874044082,0.28103164933152663,-1.0347638403720352,0.3010134190069618,0.8522360398497373,-5.585152056395667,Embryonal Tumor
BCOR complex,0.008170543036027132,0.07688398925835595,0.5489670955941731,0.5831427571708949,0.8522360398497373,-5.950738653600188,Embryonal Tumor
BRCA1-A,-0.04650893384873073,0.23973389480036114,-1.6448115790491096,0.10030295596331294,0.6420730920562929,-4.809313123115711,Embryonal Tumor
CAF-1,0.005735553207398805,0.9690249844625101,0.44153217841363274,0.6589171310843149,0.8522360398497373,-6.001325858714443,Embryonal Tumor
CHRAC,0.03276851740531241,0.26206692106594376,0.9259723074726637,0.35466956511557646,0.8522360398497373,-5.686484783984836,Embryonal Tumor
DAXX-ATRX,-0.07912262197029354,0.25018074947967495,-1.4906203102304811,0.13635648933306146,0.7329161301652054,-5.038639250740052,Embryonal Tumor
DNMT1-UHRF1,-0.05655355561071738,0.7253934436802176,-0.9736696068820034,0.3304410918414954,0.8522360398497373,-5.643439324283811,Embryonal Tumor
Elongator,0.015632973135961837,0.7476231388617897,0.3326222177941156,0.7394847478905477,0.8522360398497373,-6.041410392806219,Embryonal Tumor
FACT,0.008659106346457376,0.9846571827461597,1.0025907256632844,0.3162854248046549,0.8522360398497373,-5.616288140347045,Embryonal Tumor
G9a/GLP,0.02337863675930846,0.1813339326617885,0.5597735023655935,0.5757513224938093,0.8522360398497373,-5.945043189816207,Embryonal Tumor
HAT1 complex,-0.018698559586536875,0.5070069141011739,-0.8991109084676079,0.36879622306218063,0.8522360398497373,-5.709776613910651,Embryonal Tumor
HBO1,-0.006345825061110699,0.1272006936982836,-0.33256806341942796,0.7395256053871011,0.8522360398497373,-6.041427530298077,Embryonal Tumor
HIRA,-0.011623406853595435,0.42351438993766954,-0.3076616282991049,0.7583998084382131,0.8522360398497373,-6.0490089412670756,Embryonal Tumor
INO80,0.02977940802844313,0.6562516235772355,0.9813727249667006,0.3266312324773937,0.8522360398497373,-5.636285109100997,Embryonal Tumor
LSD1-CoREST,0.002253355262089389,0.15410883043179746,0.09201697016606739,0.9267018134171232,0.948766142308007,-6.089989196814447,Embryonal Tumor
MLL1/MLL2 (KMT2A/KMT2B),0.009055853099236058,0.4921214235772354,0.28858069783653606,0.7729582687009244,0.8522360398497373,-6.0544181214205794,Embryonal Tumor
MLL3/MLL4 (KMT2C/KMT2D),0.016859803123801177,0.3775775624299912,0.6073455373012393,0.5437507312470324,0.8522360398497373,-5.918651430124798,Embryonal Tumor
MOZ/MORF,-0.0035422703102605214,0.1292105213351399,-0.15680677692657444,0.8754267653834251,0.9181305100362752,-6.082323732834962,Embryonal Tumor
MSL,-0.009530747712151106,0.3698017822041551,-0.421086940679765,0.6737763131144889,0.8522360398497373,-6.009710383447842,Embryonal Tumor
Menin-MLL,0.02754201824346266,0.532817426829269,0.8056536796114849,0.4206219059293984,0.8522360398497373,-5.785479623177028,Embryonal Tumor
NSL,0.015089148815227337,0.690279032429991,0.9615855337373498,0.33647545090630104,0.8522360398497373,-5.654548988668466,Embryonal Tumor
NURF,-0.03478479392856854,0.430541240740741,-1.3143787873876505,0.189000976505743,0.8522360398497373,-5.273248792320045,Embryonal Tumor
NoRC,0.03755200052473313,0.2806835276856367,0.8871521575455337,0.3751967228933133,0.8522360398497373,-5.719925917057226,Embryonal Tumor
NuA4/TIP60,0.016695724383965563,0.7442379977416442,0.7538240172182327,0.4511210395865124,0.8522360398497373,-5.823889693761133,Embryonal Tumor
NuRD (Mi-2/NuRD),-0.006927673495602279,0.23344356913279152,-0.512455377691732,0.6084382823075793,0.8522360398497373,-5.969161094824747,Embryonal Tumor
PBAF,-0.06804635338147007,0.3440632730803972,-2.1393327209421686,0.03263493652240217,0.35082556761582334,-3.922672291450605,Embryonal Tumor
PCAF complex,-0.008484589003187699,0.4083963325654916,-0.29990315314371396,0.7643093899207776,0.8522360398497373,-6.051250120746325,Embryonal Tumor
PR-DUB,-0.024068865911856547,0.19108004058717235,-0.8596648573297931,0.39016673723638706,0.8522360398497373,-5.742739889597667,Embryonal Tumor
PRC1 (canonical and variant PCGF complexes),0.017979726200406915,0.0774263117434509,2.0474650586443848,0.040856628966958464,0.3513670091158428,-4.104777457455135,Embryonal Tumor
PRC2,0.06006282911113252,0.2068612206504066,3.2935854920971614,0.0010216297842451333,0.04393008072254073,-0.963284986524167,Embryonal Tumor
Piccolo NuA4,-0.01747589638552416,0.7310030581752486,-0.4343158762894401,0.6641468077672019,0.8522360398497373,-6.0043305932659266,Embryonal Tumor
RSF,0.016754333792374947,0.25863721200632345,0.41551839657490164,0.6778459211428287,0.8522360398497373,-6.011925174384959,Embryonal Tumor
SAGA,0.01967480370627278,0.3105263303613374,0.6342238989382752,0.5260705347803842,0.8522360398497373,-5.902789490202379,Embryonal Tumor
SET1C/COMPASS,-0.00514232993961808,0.589783839656728,-0.16349576426502882,0.8701590413877931,0.9181305100362752,-6.081305006545205,Embryonal Tumor
SETDB1-ATF7IP/KAP1,-0.025323689535749098,0.2953410291228548,-0.5575191569919603,0.5772896070745188,0.8522360398497373,-5.946240485037699,Embryonal Tumor
SRCAP,0.05302397763709125,0.8039866308943082,2.196344692394585,0.028281649737996874,0.35082556761582334,-3.8056772342780274,Embryonal Tumor
STAGA/TFTC,0.014332277166768204,0.252413731020777,0.7774638333399478,0.43705730797412234,0.8522360398497373,-5.8066869669159065,Embryonal Tumor
SUV39H1/2-HP1,-0.023001042502397182,0.10173277260252934,-1.6246904677213514,0.10452352661381512,0.6420730920562929,-4.840512043550487,Embryonal Tumor
WICH / B-WICH,0.041946803717690974,0.3771652369105695,0.8029319830750001,0.42219270041552537,0.8522360398497373,-5.787560061592996,Embryonal Tumor
mSin3A/HDAC,-0.006579109461891318,0.30224111428184264,-0.3899580202374776,0.6966453285480255,0.8522360398497373,-6.021713275923775,Embryonal Tumor
ncBAF (non-canonical BAF / bBAF),8.902072700360058e-4,0.35936621971996374,0.033759518533000736,0.9730752253939337,0.9730752253939337,-6.093473339851487,Embryonal Tumor
Lineage,NA,NA,NA,NA,NA,NA,Endometrial Carcinoma
ACF,-0.07439509372071035,0.2940597214083108,-2.2821166689029937,0.022678453965622365,0.06207110464179535,-3.854847680507127,Endometrial Carcinoma
ATAC,-0.013523661096111916,0.2862401943992777,-0.5501254636006665,0.5823483561551097,0.7151815636976261,-6.234661296468644,Endometrial Carcinoma
BAF (canonical/cBAF),-0.031355161239897684,0.28103164933152663,-2.036096255168885,0.04198700401242315,0.08206550784246343,-4.369294391196664,Endometrial Carcinoma
BCOR complex,-0.01470261280787529,0.07688398925835595,-1.3323859398500608,0.18301755773206824,0.2623251660826311,-5.519059378184771,Endometrial Carcinoma
BRCA1-A,0.07039561750492788,0.23973389480036114,3.3578827080564557,8.131279413677281e-4,0.01165483382627077,-0.9267743897820653,Endometrial Carcinoma
CAF-1,-0.03091194874382065,0.9690249844625101,-3.2096195760217956,0.0013686942616323466,0.012474774528226925,-1.3955419301689753,Endometrial Carcinoma
CHRAC,-0.08279687022883378,0.26206692106594376,-3.155696697379603,0.0016459379541147957,0.012474774528226925,-1.5608925958378146,Endometrial Carcinoma
DAXX-ATRX,-0.04214349593614711,0.25018074947967495,-1.0708707374951332,0.2844695023819675,0.3822558938257688,-5.824342834646358,Endometrial Carcinoma
DNMT1-UHRF1,-0.022666269279010203,0.7253934436802176,-0.5263466598603895,0.5987566579794079,0.7151815636976261,-6.247108970512684,Endometrial Carcinoma
Elongator,-0.07927834535184328,0.7476231388617897,-2.2751203714079073,0.02309622498299362,0.06207110464179535,-3.870279635095276,Endometrial Carcinoma
FACT,-0.001285365360860006,0.9846571827461597,-0.2007323319791228,0.8409460884827945,0.8819678488965894,-6.362251393670443,Endometrial Carcinoma
G9a/GLP,-0.05526826172752084,0.1813339326617885,-1.7848802644385924,0.07456449994225152,0.1145097677684577,-4.834568248303205,Endometrial Carcinoma
HAT1 complex,-0.054538173928000484,0.5070069141011739,-3.5370877589580285,4.2193271282544805e-4,0.009071553325747134,-0.33253970506341624,Endometrial Carcinoma
HBO1,-0.04010727181233021,0.1272006936982836,-2.8350171851827497,0.004668723410408082,0.01852652133108673,-2.4873360435444747,Endometrial Carcinoma
HIRA,-0.060779282173107414,0.42351438993766954,-2.1698793643355723,0.030235897580583718,0.06842861031395263,-4.09675019874377,Endometrial Carcinoma
INO80,-0.06367315489838626,0.6562516235772355,-2.830182366231939,0.004739342666091955,0.01852652133108673,-2.5005597958179338,Endometrial Carcinoma
LSD1-CoREST,-0.01637880226961794,0.15410883043179746,-0.902112145812297,0.3672007033458494,0.47847364375368256,-5.986149402615659,Endometrial Carcinoma
MLL1/MLL2 (KMT2A/KMT2B),0.006736756026064983,0.4921214235772354,0.2895535263462257,0.7722140276640653,0.8301300797388702,-6.341069894988431,Endometrial Carcinoma
MLL3/MLL4 (KMT2C/KMT2D),0.008047201831118232,0.3775775624299912,0.3909924472219454,0.6958808049870664,0.787444068801154,-6.307493877405373,Endometrial Carcinoma
MOZ/MORF,-0.03424182440050442,0.1292105213351399,-2.044467228406951,0.041152179775425346,0.08206550784246343,-4.352745334316266,Endometrial Carcinoma
MSL,-0.04892846137068769,0.3698017822041551,-2.915724503552433,0.0036227727744816826,0.01852652133108673,-2.263356886205268,Endometrial Carcinoma
Menin-MLL,-7.932105370251526e-4,0.532817426829269,-0.03129545258862929,0.9750397643692024,0.9750397643692024,-6.381374383331462,Endometrial Carcinoma
NSL,0.014196819059129989,0.690279032429991,1.2202655625545233,0.2226335338612034,0.3088142566461854,-5.658058122807762,Endometrial Carcinoma
NURF,-0.06069492356271492,0.430541240740741,-3.093311128099528,0.0020307772487811273,0.012474774528226925,-1.748758541214161,Endometrial Carcinoma
NoRC,-0.05709086898014489,0.2806835276856367,-1.8191638479652452,0.06916635880587294,0.11015383069083468,-4.774653024187854,Endometrial Carcinoma
NuA4/TIP60,-0.034944286347741445,0.7442379977416442,-2.128045980529894,0.03356173792527562,0.07215773653934258,-4.183820449833754,Endometrial Carcinoma
NuRD (Mi-2/NuRD),-0.03554362593462685,0.23344356913279152,-3.5462594180297184,4.0768044242254695e-4,0.009071553325747134,-0.30131427198467264,Endometrial Carcinoma
PBAF,0.008036962447798139,0.3440632730803972,0.3408046762209937,0.733317660364386,0.8085297280940666,-6.325356653216665,Endometrial Carcinoma
PCAF complex,-0.047751784125139064,0.4083963325654916,-2.2765644679361485,0.023009449397242785,0.06207110464179535,-3.8670981878709063,Endometrial Carcinoma
PR-DUB,0.06509292557107042,0.19108004058717235,3.1357935722918473,0.001760723541456576,0.012474774528226925,-1.6212280830437873,Endometrial Carcinoma
PRC1 (canonical and variant PCGF complexes),-0.003997293238617491,0.0774263117434509,-0.6139592721467176,0.5393729651794561,0.6821481618446062,-6.198527839619757,Endometrial Carcinoma
PRC2,-0.027238467596184538,0.2068612206504066,-2.0145866691426146,0.04419820437206159,0.08263142556515862,-4.411509163776997,Endometrial Carcinoma
Piccolo NuA4,-0.06560938297088997,0.7310030581752486,-2.1992384812803967,0.028074727541296855,0.06842861031395263,-4.034640070510729,Endometrial Carcinoma
RSF,-0.06502409490518594,0.25863721200632345,-2.1750915299645377,0.029842084135009328,0.06842861031395263,-4.0857840851159235,Endometrial Carcinoma
SAGA,-0.06118705700104449,0.3105263303613374,-2.6603078036110817,0.00792391039591763,0.028394012252038175,-2.950975113456681,Endometrial Carcinoma
SET1C/COMPASS,-0.042435737012788445,0.589783839656728,-1.819778146670089,0.0690726463423206,0.11015383069083468,-4.773569123742649,Endometrial Carcinoma
SETDB1-ATF7IP/KAP1,-0.07681995043574917,0.2953410291228548,-2.2811138715197634,0.022737927496231686,0.06207110464179535,-3.857062462434467,Endometrial Carcinoma
SRCAP,-0.0023682004116889763,0.8039866308943082,-0.13230820459249937,0.8947654406717047,0.9160693797353167,-6.373335755545877,Endometrial Carcinoma
STAGA/TFTC,-0.02234708234542683,0.252413731020777,-1.6350308632194974,0.10233719706576734,0.15174136116648262,-5.083146493208054,Endometrial Carcinoma
SUV39H1/2-HP1,0.004348151826871119,0.10173277260252934,0.4142551732632864,0.6787704060512046,0.787444068801154,-6.298383465087457,Endometrial Carcinoma
WICH / B-WICH,-0.07332841762865049,0.3771652369105695,-1.8931818206340307,0.058603832852560524,0.1007985925064041,-4.641434854539103,Endometrial Carcinoma
mSin3A/HDAC,-0.03571606058384243,0.30224111428184264,-2.8553176125423154,0.004382581546757168,0.01852652133108673,-2.4315804558334433,Endometrial Carcinoma
ncBAF (non-canonical BAF / bBAF),-0.037403896534841885,0.35936621971996374,-1.9132075368710972,0.05598865561759821,0.10031300798153013,-4.604485572958008,Endometrial Carcinoma
Lineage,NA,NA,NA,NA,NA,NA,Esophageal Squamous Cell Carcinoma
ACF,-0.03103920395851501,0.2940597214083108,-0.8849860729026504,0.3763633459360274,0.5394541291749726,-5.931759526089968,Esophageal Squamous Cell Carcinoma
ATAC,-0.019875536279038677,0.2862401943992777,-0.7514820959349008,0.4525281369922265,0.6277003190537336,-6.037494828959094,Esophageal Squamous Cell Carcinoma
BAF (canonical/cBAF),2.7085894248704006e-5,0.28103164933152663,0.001634800488768013,0.9986959237616337,0.9986959237616337,-6.310906973601425,Esophageal Squamous Cell Carcinoma
BCOR complex,-0.018912018448119173,0.07688398925835595,-1.5929631057010558,0.1114643064557787,0.24291427821244493,-5.083524318938022,Esophageal Squamous Cell Carcinoma
BRCA1-A,0.010706983864684005,0.23973389480036114,0.4747001412784559,0.6350977692395039,0.7186632651920701,-6.201791242183305,Esophageal Squamous Cell Carcinoma
CAF-1,0.013612014670813919,0.9690249844625101,1.3136567378804744,0.18924380888355075,0.3163446922982326,-5.475876707268405,Esophageal Squamous Cell Carcinoma
CHRAC,-0.06755296199712636,0.26206692106594376,-2.3930845600259842,0.016879291903419892,0.2419365172823518,-3.545127630072379,Esophageal Squamous Cell Carcinoma
DAXX-ATRX,-0.11097571427151291,0.25018074947967495,-2.620998394773309,0.00889181058430169,0.19117392756248636,-2.995046386533502,Esophageal Squamous Cell Carcinoma
DNMT1-UHRF1,-0.025365572705838984,0.7253934436802176,-0.5474806992569808,0.5841629182195109,0.6788920400929451,-6.16577204664541,Esophageal Squamous Cell Carcinoma
Elongator,0.06824492720913301,0.7476231388617897,1.820339907998786,0.06898704001477621,0.24291427821244493,-4.708727866274444,Esophageal Squamous Cell Carcinoma
FACT,-0.01206038487305413,0.9846571827461597,-1.7505890956481884,0.08030377247652463,0.24291427821244493,-4.8289803496717925,Esophageal Squamous Cell Carcinoma
G9a/GLP,-0.00873594298422812,0.1813339326617885,-0.26222578037567373,0.7931979488123849,0.8318905316812818,-6.277608789318473,Esophageal Squamous Cell Carcinoma
HAT1 complex,0.019633962596390095,0.5070069141011739,1.1835470181726295,0.23685575060909486,0.37721471393300293,-5.63298860081537,Esophageal Squamous Cell Carcinoma
HBO1,-0.028750251946476513,0.1272006936982836,-1.8888894591664493,0.059177339000264166,0.24291427821244493,-4.585998556409956,Esophageal Squamous Cell Carcinoma
HIRA,-0.048845073904814774,0.42351438993766954,-1.6208137330085934,0.10535278544277783,0.24291427821244493,-5.0402860604539805,Esophageal Squamous Cell Carcinoma
INO80,-0.0506624006300934,0.6562516235772355,-2.093033263015863,0.036581668488852935,0.24291427821244493,-4.1938375967906865,Esophageal Squamous Cell Carcinoma
LSD1-CoREST,-0.03307348026961786,0.15410883043179746,-1.6931311550357746,0.09072214003013825,0.24291427821244493,-4.924531635687132,Esophageal Squamous Cell Carcinoma
MLL1/MLL2 (KMT2A/KMT2B),-0.03498676226661768,0.4921214235772354,-1.3977004548997078,0.16249328819369405,0.3037917996664715,-5.365717318562857,Esophageal Squamous Cell Carcinoma
MLL3/MLL4 (KMT2C/KMT2D),-0.029436788595711017,0.3775775624299912,-1.329371050057728,0.1840094802541874,0.3163446922982326,-5.455796599961226,Esophageal Squamous Cell Carcinoma
MOZ/MORF,-0.05275145354684583,0.1292105213351399,-2.9274534788419304,0.0034899552080651522,0.15006807394680155,-2.177690313910573,Esophageal Squamous Cell Carcinoma
MSL,-0.03470693149263867,0.3698017822041551,-1.9223544170044866,0.05482690668329702,0.24291427821244493,-4.524447527255274,Esophageal Squamous Cell Carcinoma
Menin-MLL,-0.04343841968336637,0.532817426829269,-1.5929388064153,0.1114698260128098,0.24291427821244493,-5.083561798997795,Esophageal Squamous Cell Carcinoma
NSL,-0.01815207728233328,0.690279032429991,-1.450180140597879,0.147301835962156,0.2879081339260322,-5.293479686463391,Esophageal Squamous Cell Carcinoma
NURF,-0.012998647831007381,0.430541240740741,-0.6157461803189581,0.5381932528836049,0.6428419409443058,-6.127328433250989,Esophageal Squamous Cell Carcinoma
NoRC,-0.05479349497404727,0.2806835276856367,-1.6228055319407069,0.10492611069569666,0.24291427821244493,-5.037165205555583,Esophageal Squamous Cell Carcinoma
NuA4/TIP60,0.006978329505917458,0.7442379977416442,0.39499228944949255,0.6929274424373614,0.7639969237129882,-6.235356343519143,Esophageal Squamous Cell Carcinoma
NuRD (Mi-2/NuRD),-0.023763222398041337,0.23344356913279152,-2.203669286189101,0.027760383827087523,0.24291427821244493,-3.9646455379018026,Esophageal Squamous Cell Carcinoma
PBAF,0.04521470250877402,0.3440632730803972,1.7820734394506954,0.07502130940899382,0.24291427821244493,-4.775278604714475,Esophageal Squamous Cell Carcinoma
PCAF complex,0.014194334960226962,0.4083963325654916,0.6289812711346936,0.5294958254351178,0.6428419409443058,-6.119353267998903,Esophageal Squamous Cell Carcinoma
PR-DUB,-0.042084983910636906,0.19108004058717235,-1.8844002515463771,0.05978225613198757,0.24291427821244493,-4.594174078041163,Esophageal Squamous Cell Carcinoma
PRC1 (canonical and variant PCGF complexes),-0.012120730250812553,0.0774263117434509,-1.730352772956844,0.08385607648540282,0.24291427821244493,-4.862994503414422,Esophageal Squamous Cell Carcinoma
PRC2,-0.02983095576691622,0.2068612206504066,-2.050702999077933,0.04053945521119436,0.24291427821244493,-4.278432232777494,Esophageal Squamous Cell Carcinoma
Piccolo NuA4,0.04811172190715919,0.7310030581752486,1.498958422352526,0.13417994293130014,0.27474940695456695,-5.22395956841601,Esophageal Squamous Cell Carcinoma
RSF,-0.05101881426494204,0.25863721200632345,-1.5862290379843134,0.11298338521509067,0.24291427821244493,-5.093867144086069,Esophageal Squamous Cell Carcinoma
SAGA,0.01779391190139462,0.3105263303613374,0.7190781181911484,0.4722500947289655,0.6345860647920474,-6.060559922162359,Esophageal Squamous Cell Carcinoma
SET1C/COMPASS,0.016613120304284697,0.589783839656728,0.6621710960496259,0.5080044345330428,0.6424761966153187,-6.098608503625203,Esophageal Squamous Cell Carcinoma
SETDB1-ATF7IP/KAP1,0.047378536948397304,0.2953410291228548,1.3076361011420057,0.1912781860407918,0.3163446922982326,-5.483506932656401,Esophageal Squamous Cell Carcinoma
SRCAP,-0.0133230894360788,0.8039866308943082,-0.6918398611468195,0.4891882769093747,0.6374271487000943,-6.079162503787093,Esophageal Squamous Cell Carcinoma
STAGA/TFTC,-0.0046450284429879135,0.252413731020777,-0.3158826821315723,0.7521532638830386,0.8085647586742665,-6.262587737213456,Esophageal Squamous Cell Carcinoma
SUV39H1/2-HP1,0.024737717601261377,0.10173277260252934,2.1905601433044564,0.02869917535248659,0.24291427821244493,-3.992413011478151,Esophageal Squamous Cell Carcinoma
WICH / B-WICH,-0.03737198514084533,0.3771652369105695,-0.8968059753486549,0.3700245666986607,0.5394541291749726,-5.921568007295421,Esophageal Squamous Cell Carcinoma
mSin3A/HDAC,-0.0025090329618911297,0.30224111428184264,-0.18643590433213272,0.8521383374428715,0.8724273454772254,-6.294075605474886,Esophageal Squamous Cell Carcinoma
ncBAF (non-canonical BAF / bBAF),0.020730839440768006,0.35936621971996374,0.9855858001539466,0.3245596394930108,0.4984308749356952,-5.840704451743488,Esophageal Squamous Cell Carcinoma
Lineage,NA,NA,NA,NA,NA,NA,Esophagogastric Adenocarcinoma
ACF,0.03589269403538727,0.2940597214083108,1.3731672731726157,0.16998857409471574,0.3654754343036388,-5.672038977069305,Esophagogastric Adenocarcinoma
ATAC,0.04014471507461978,0.2862401943992777,2.0366654129557213,0.04192983610626987,0.2003314391744005,-4.563590821469969,Esophagogastric Adenocarcinoma
BAF (canonical/cBAF),0.01789473417473637,0.28103164933152663,1.4492334770589004,0.14756590009459297,0.3400632902481287,-5.566751701707395,Esophagogastric Adenocarcinoma
BCOR complex,-0.013105145874541969,0.07688398925835595,-1.4811574243934946,0.13885952346147418,0.3400632902481287,-5.520880089981777,Esophagogastric Adenocarcinoma
BRCA1-A,-0.0013989140243405305,0.23973389480036114,-0.0832213511846095,0.9336911313340135,0.9701497917280085,-6.594285690326223,Esophagogastric Adenocarcinoma
CAF-1,0.00930074767894338,0.9690249844625101,1.204394816188763,0.2287038002863748,0.4470119732870053,-5.885446877936637,Esophagogastric Adenocarcinoma
CHRAC,-0.008482255635337888,0.26206692106594376,-0.40319629368962584,0.6868845304881968,0.8438867088854989,-6.517817631797214,Esophagogastric Adenocarcinoma
DAXX-ATRX,-0.08475201709874873,0.25018074947967495,-2.6858414698066424,0.007346938649933311,0.2003314391744005,-3.0653586172498604,Esophagogastric Adenocarcinoma
DNMT1-UHRF1,-0.012082372882261964,0.7253934436802176,-0.3499193037229436,0.7264682533060727,0.8677259692266979,-6.537529699481768,Esophagogastric Adenocarcinoma
Elongator,-0.04929742881525786,0.7476231388617897,-1.7644034974015952,0.07794989634141054,0.2556142876540454,-5.070326811416743,Esophagogastric Adenocarcinoma
FACT,-0.012004431539721049,0.9846571827461597,-2.3380628251453164,0.019567796169491638,0.2003314391744005,-3.918686831864656,Esophagogastric Adenocarcinoma
G9a/GLP,-0.014972667988659092,0.1813339326617885,-0.6030541576029004,0.5466007024235584,0.7320155087498024,-6.4190287074207415,Esophagogastric Adenocarcinoma
HAT1 complex,0.023477822202081097,0.5070069141011739,1.8990084252893011,0.057832606102125345,0.24868020623913897,-4.828809613991637,Esophagogastric Adenocarcinoma
HBO1,-0.016330494485500918,0.1272006936982836,-1.4396461142862813,0.15026052359801037,0.3400632902481287,-5.580333440849495,Esophagogastric Adenocarcinoma
HIRA,0.0213954829220144,0.42351438993766954,0.9526337333820958,0.3409912319127034,0.5865049188898499,-6.151977040001322,Esophagogastric Adenocarcinoma
INO80,-0.015777249857735726,0.6562516235772355,-0.874607494749755,0.38198414690586235,0.6317430121904646,-6.221974180959328,Esophagogastric Adenocarcinoma
LSD1-CoREST,0.025378181541764064,0.15410883043179746,1.7432622648263552,0.08157559163923049,0.2556142876540454,-5.10665690250879,Esophagogastric Adenocarcinoma
MLL1/MLL2 (KMT2A/KMT2B),0.00122659781468313,0.4921214235772354,0.065751257778459,0.9475881686645665,0.9701497917280085,-6.595564450740658,Esophagogastric Adenocarcinoma
MLL3/MLL4 (KMT2C/KMT2D),0.028076770440874317,0.3775775624299912,1.7013531322142497,0.0891677747630391,0.2556142876540454,-5.177388343405331,Esophagogastric Adenocarcinoma
MOZ/MORF,-2.9726118830926667e-4,0.1292105213351399,-0.0221352946188129,0.9823441666423456,0.9823441666423456,-6.597447912332419,Esophagogastric Adenocarcinoma
MSL,-0.029449679094264606,0.3698017822041551,-2.188715603255771,0.02883346159410841,0.2003314391744005,-4.249253060665675,Esophagogastric Adenocarcinoma
Menin-MLL,-0.004525054602065603,0.532817426829269,-0.22265908776530643,0.8238434206048695,0.9132554203985006,-6.57332960329184,Esophagogastric Adenocarcinoma
NSL,0.01137853645750379,0.690279032429991,1.2197576561752417,0.22282599213884877,0.4470119732870053,-5.867173727966037,Esophagogastric Adenocarcinoma
NURF,0.017240822331594106,0.430541240740741,1.0958548929479277,0.27338933807800253,0.4898225640564212,-6.0079664898389575,Esophagogastric Adenocarcinoma
NoRC,0.04330550205644058,0.2806835276856367,1.7209651693448347,0.0855467740047376,0.2556142876540454,-5.14450150313972,Esophagogastric Adenocarcinoma
NuA4/TIP60,-0.003931654803026065,0.7442379977416442,-0.2986097965226103,0.765295872109125,0.8893979054241181,-6.553878033730197,Esophagogastric Adenocarcinoma
NuRD (Mi-2/NuRD),0.005414771349926303,0.23344356913279152,0.6737716515122681,0.5006022601559603,0.7320155087498024,-6.374680224138098,Esophagogastric Adenocarcinoma
PBAF,0.011067542358367459,0.3440632730803972,0.585313631163506,0.5584605007488299,0.7320155087498024,-6.429383968198291,Esophagogastric Adenocarcinoma
PCAF complex,0.038157658248844664,0.4083963325654916,2.268798384224336,0.023479470904201986,0.2003314391744005,-4.0746837635534,Esophagogastric Adenocarcinoma
PR-DUB,-0.009045699290718133,0.19108004058717235,-0.5434751113582055,0.5869161428353081,0.7422762982917132,-6.452581767370569,Esophagogastric Adenocarcinoma
PRC1 (canonical and variant PCGF complexes),-0.0033378345475605416,0.0774263117434509,-0.639384639386993,0.5227098253244542,0.7320155087498024,-6.3968582089698485,Esophagogastric Adenocarcinoma
PRC2,0.0275897344119455,0.2068612206504066,2.544922984956304,0.011069923472299781,0.2003314391744005,-3.4251872127189897,Esophagogastric Adenocarcinoma
Piccolo NuA4,-0.0028793689058489677,0.7310030581752486,-0.12037256710180302,0.9042106628469359,0.9701497917280085,-6.590569283395607,Esophagogastric Adenocarcinoma
RSF,0.04965558923952948,0.25863721200632345,2.0715489536959213,0.038547187528182564,0.2003314391744005,-4.493458262171563,Esophagogastric Adenocarcinoma
SAGA,0.03288356513716699,0.3105263303613374,1.7830973698622954,0.07485440076391385,0.2556142876540454,-5.037839724875261,Esophagogastric Adenocarcinoma
SET1C/COMPASS,-0.01148502424856098,0.589783839656728,-0.6142461627432562,0.5391834983849508,0.7320155087498024,-6.412336920251152,Esophagogastric Adenocarcinoma
SETDB1-ATF7IP/KAP1,0.01567174290002324,0.2953410291228548,0.5803821950418352,0.561779343924267,0.7320155087498024,-6.4322075987485405,Esophagogastric Adenocarcinoma
SRCAP,-0.003113399923884403,0.8039866308943082,-0.21693372510684802,0.8283014278032912,0.9132554203985006,-6.574566186770427,Esophagogastric Adenocarcinoma
STAGA/TFTC,0.00875415450010153,0.252413731020777,0.7988094100401089,0.424578499099014,0.6761805726391704,-6.284256128000028,Esophagogastric Adenocarcinoma
SUV39H1/2-HP1,-0.012174790372315872,0.10173277260252934,-1.446600371122209,0.14830224013109408,0.3400632902481287,-5.570490778323437,Esophagogastric Adenocarcinoma
WICH / B-WICH,0.06483018522338224,0.3771652369105695,2.0874741880432497,0.03708186482737208,0.2003314391744005,-4.461048190875666,Esophagogastric Adenocarcinoma
mSin3A/HDAC,0.011314548912092555,0.30224111428184264,1.1281113195105668,0.25952621623548167,0.48520118687503094,-5.972760066196353,Esophagogastric Adenocarcinoma
ncBAF (non-canonical BAF / bBAF),0.03729123143263787,0.35936621971996374,2.3788978865317594,0.017539461362785704,0.2003314391744005,-3.8245448908542308,Esophagogastric Adenocarcinoma
Lineage,NA,NA,NA,NA,NA,NA,Ewing Sarcoma
ACF,-0.11414310337382681,0.2940597214083108,-3.4416861420057008,6.00480662772987e-4,0.008606889499746147,-0.6415857032767347,Ewing Sarcoma
ATAC,0.029929214879497866,0.2862401943992777,1.1967152687133138,0.2316831409314695,0.45283523000241765,-5.669676526170305,Ewing Sarcoma
BAF (canonical/cBAF),-0.013326509966184862,0.28103164933152663,-0.8506163657037101,0.3951731260084955,0.5104287237620156,-6.013652303447603,Ewing Sarcoma
BCOR complex,-0.01775580783226552,0.07688398925835595,-1.5816267296295208,0.11403082987209749,0.3502375488928709,-5.150978573836128,Ewing Sarcoma
BRCA1-A,0.03179455299679778,0.23973389480036114,1.4907357333975446,0.13632617458931895,0.36637659420879465,-5.286371646211467,Ewing Sarcoma
CAF-1,0.004102042313089951,0.9690249844625101,0.4186541016874697,0.6755531026710676,0.7262195853713976,-6.279971284432654,Ewing Sarcoma
CHRAC,-0.04121509942937577,0.26206692106594376,-1.5440655227367157,0.12286870877026802,0.3522236318081017,-5.207897332624014,Ewing Sarcoma
DAXX-ATRX,-0.005623939814196025,0.25018074947967495,-0.14046728741518621,0.8883172849173815,0.8883172849173815,-6.355548682374418,Ewing Sarcoma
DNMT1-UHRF1,0.09942590695405282,0.7253934436802176,2.2694437750826584,0.02344009489113322,0.10079240803187285,-3.8685104351058177,Ewing Sarcoma
Elongator,0.04930061787308919,0.7476231388617897,1.3906895880949786,0.16460927680998147,0.4163646413428943,-5.426178712491158,Ewing Sarcoma
FACT,0.005580463094425044,0.9846571827461597,0.856621592726006,0.39184617071060257,0.5104287237620156,-6.008673694238602,Ewing Sarcoma
G9a/GLP,-0.007980940416409737,0.1813339326617885,-0.25334678040212,0.8000490093515987,0.8390757902955792,-6.333947431586584,Ewing Sarcoma
HAT1 complex,0.014733448077419765,0.5070069141011739,0.9392423763114365,0.3478186510663436,0.5051964590318945,-5.936626845664835,Ewing Sarcoma
HBO1,-0.030106864836720457,0.1272006936982836,-2.0918288405385037,0.036689495360700534,0.14342257277364753,-4.243218855020044,Ewing Sarcoma
HIRA,-0.03712394688719958,0.42351438993766954,-1.302753368560283,0.19293980984223275,0.42962767522373285,-5.541075170924359,Ewing Sarcoma
INO80,-0.026363505033887315,0.6562516235772355,-1.1518322659277607,0.24964778844797852,0.45980214253245266,-5.720832290538805,Ewing Sarcoma
LSD1-CoREST,-0.02268582731026832,0.15410883043179746,-1.228177256930408,0.21965103249416496,0.4497616379642425,-5.632655026252775,Ewing Sarcoma
MLL1/MLL2 (KMT2A/KMT2B),0.023221129738802457,0.4921214235772354,0.9810461162848652,0.32679218632522034,0.5051964590318945,-5.897651815210042,Ewing Sarcoma
MLL3/MLL4 (KMT2C/KMT2D),-0.019743195662106718,0.3775775624299912,-0.9429072236277649,0.34594160651004935,0.5051964590318945,-5.933277692662558,Ewing Sarcoma
MOZ/MORF,-0.023001716198607376,0.1292105213351399,-1.349930896776589,0.17732414950085312,0.4236076904742602,-5.480363093402173,Ewing Sarcoma
MSL,-0.05155547573383125,0.3698017822041551,-3.0198666465004367,0.002588958319610598,0.02226504154865114,-1.9528422862640236,Ewing Sarcoma
Menin-MLL,0.02265841304021087,0.532817426829269,0.8787195528305203,0.37975101041281856,0.5104287237620156,-5.990052250164135,Ewing Sarcoma
NSL,0.013433866213601358,0.690279032429991,1.1349908642907531,0.2566337539716015,0.45980214253245266,-5.739524268053764,Ewing Sarcoma
NURF,-0.01938906677409665,0.430541240740741,-0.9713062437925275,0.331615730385317,0.5051964590318945,-5.906883969711963,Ewing Sarcoma
NoRC,-0.1149603710546706,0.2806835276856367,-3.600653741397475,3.3200232683844674e-4,0.007138050027026605,-0.10399218785420494,Ewing Sarcoma
NuA4/TIP60,-0.009577758434462427,0.7442379977416442,-0.5733195487128839,0.5665490333294986,0.669538608695747,-6.205433207502411,Ewing Sarcoma
NuRD (Mi-2/NuRD),-0.02637087577202506,0.23344356913279152,-2.58619557584388,0.009835572856607543,0.05286620410426554,-3.12534343647266,Ewing Sarcoma
PBAF,0.003859860970833364,0.3440632730803972,0.16088416731757293,0.8722150596425295,0.8883172849173815,-6.352558874352721,Ewing Sarcoma
PCAF complex,0.01022634725697485,0.4083963325654916,0.4792244037835137,0.6318771050996617,0.6966850133150116,-6.253548227964412,Ewing Sarcoma
PR-DUB,0.05164131286646328,0.19108004058717235,2.445338514919606,0.014632278305849213,0.06990977412794623,-3.4676604470406964,Ewing Sarcoma
PRC1 (canonical and variant PCGF complexes),-0.005534405636991449,0.0774263117434509,-0.8355502618902221,0.40359480483508214,0.5104287237620156,-6.0259888772279275,Ewing Sarcoma
PRC2,-0.027444063517593726,0.2068612206504066,-1.9951692358070554,0.04627810313608219,0.16582986957096119,-4.434421926547483,Ewing Sarcoma
Piccolo NuA4,0.023140664590085798,0.7310030581752486,0.7624480169118815,0.44596101697072876,0.5478949637068954,-6.082721025027335,Ewing Sarcoma
RSF,-0.11857288019786887,0.25863721200632345,-3.8986713778945488,1.027530504360059e-4,0.004418381168748254,0.9675251819350468,Ewing Sarcoma
SAGA,-0.06717928994142372,0.3105263303613374,-2.871017051268549,0.004172330647714941,0.02990170297529041,-2.3754156052310256,Ewing Sarcoma
SET1C/COMPASS,0.04420101000618145,0.589783839656728,1.8631461712355484,0.06271604828378437,0.2074453904771329,-4.681072404998926,Ewing Sarcoma
SETDB1-ATF7IP/KAP1,0.10777749182576855,0.2953410291228548,3.14578512476256,0.001702209314918057,0.018298750135369114,-1.5789945090902817,Ewing Sarcoma
SRCAP,0.01960455866690189,0.8039866308943082,1.0765976634999608,0.28190318340721726,0.4848734754604137,-5.8022065401574086,Ewing Sarcoma
STAGA/TFTC,-0.006951983917242618,0.252413731020777,-0.49996767169170436,0.6172008134130322,0.6966850133150116,-6.243680119516556,Ewing Sarcoma
SUV39H1/2-HP1,0.01369874594746734,0.10173277260252934,1.2828388121216703,0.19982682568545715,0.42962767522373285,-5.566056895687627,Ewing Sarcoma
WICH / B-WICH,-0.10761040946604884,0.3771652369105695,-2.7308782284611577,0.006420593025245826,0.03944078572651007,-2.7540415656000663,Ewing Sarcoma
mSin3A/HDAC,-0.011837800312839732,0.30224111428184264,-0.9302291017156107,0.35246264583620546,0.5051964590318945,-5.944808227258991,Ewing Sarcoma
ncBAF (non-canonical BAF / bBAF),-0.011123093933215823,0.35936621971996374,-0.5592408407167746,0.5761146167847125,0.669538608695747,-6.213179238022201,Ewing Sarcoma
Lineage,NA,NA,NA,NA,NA,NA,Head and Neck Squamous Cell Carcinoma
ACF,0.004559378206119126,0.2940597214083108,0.21520780335156658,0.8296463969365517,0.9147383350838905,-6.781730529291609,Head and Neck Squamous Cell Carcinoma
ATAC,0.0016872203266524955,0.2862401943992777,0.10560831548363235,0.9159129587322806,0.9277085595343697,-6.799115183537583,Head and Neck Squamous Cell Carcinoma
BAF (canonical/cBAF),-0.007986204085426017,0.28103164933152663,-0.7979735913375484,0.42506317708199315,0.7029891005586809,-6.489884459459604,Head and Neck Squamous Cell Carcinoma
BCOR complex,-0.02665666649689969,0.07688398925835595,-3.7170654405866648,2.1200588005948349e-4,0.004051663949914351,-0.017500582853490876,Head and Neck Squamous Cell Carcinoma
BRCA1-A,0.008990636876879156,0.23973389480036114,0.6598864400442007,0.5094689882087955,0.7823988033206503,-6.589370360267836,Head and Neck Squamous Cell Carcinoma
CAF-1,0.004184399020407661,0.9690249844625101,0.668527251121173,0.5039415253528694,0.7823988033206503,-6.583697309088343,Head and Neck Squamous Cell Carcinoma
CHRAC,-0.04546813386704508,0.26206692106594376,-2.6665351478417216,0.007779566248586901,0.04575650136990437,-3.300754252446522,Head and Neck Squamous Cell Carcinoma
DAXX-ATRX,0.00807913999068212,0.25018074947967495,0.315886069122194,0.7521507077701346,0.8984022342809941,-6.755294870859504,Head and Neck Squamous Cell Carcinoma
DNMT1-UHRF1,-0.052568128110310176,0.7253934436802176,-1.8783355910016883,0.06060752691830302,0.18023071819320344,-5.063085369313621,Head and Neck Squamous Cell Carcinoma
Elongator,0.05277617838799435,0.7476231388617897,2.330486484716667,0.01996595026325824,0.08005040292726265,-4.126133149250636,Head and Neck Squamous Cell Carcinoma
FACT,-0.004605625320208932,0.9846571827461597,-1.1067210995217933,0.26866369216465324,0.5022842940469604,-6.199375791748006,Head and Neck Squamous Cell Carcinoma
G9a/GLP,0.016825913789349157,0.1813339326617885,0.8361241917142012,0.4032720719798504,0.6936279638053426,-6.4590796655217035,Head and Neck Squamous Cell Carcinoma
HAT1 complex,0.0028741539785041887,0.5070069141011739,0.2868230974467315,0.7743034017789683,0.8998661155809631,-6.763954990048818,Head and Neck Squamous Cell Carcinoma
HBO1,-0.014302382015582137,0.1272006936982836,-1.5556066682282963,0.12009785759451869,0.25821039382821515,-5.609499292193679,Head and Neck Squamous Cell Carcinoma
HIRA,0.006942852871608149,0.42351438993766954,0.38139661382293644,0.7029848372873224,0.8890690589222019,-6.732711810026516,Head and Neck Squamous Cell Carcinoma
INO80,-0.008310700426841252,0.6562516235772355,-0.5684005993813135,0.5698824757031973,0.8168315485079161,-6.644910999018302,Head and Neck Squamous Cell Carcinoma
LSD1-CoREST,-0.00687919257246337,0.15410883043179746,-0.5830082560181609,0.56001082381606,0.8168315485079161,-6.636597441798965,Head and Neck Squamous Cell Carcinoma
MLL1/MLL2 (KMT2A/KMT2B),-0.02730218929913814,0.4921214235772354,-1.8056532758203359,0.07125400486708043,0.18023071819320344,-5.195052419330381,Head and Neck Squamous Cell Carcinoma
MLL3/MLL4 (KMT2C/KMT2D),0.0012138429286792877,0.3775775624299912,0.090749619896137,0.9277085595343697,0.9277085595343697,-6.800557758300909,Head and Neck Squamous Cell Carcinoma
MOZ/MORF,-0.032325771833431216,0.1292105213351399,-2.969826024465999,0.003046274740838723,0.021831635642677517,-2.461861650097747,Head and Neck Squamous Cell Carcinoma
MSL,0.019883577247198622,0.3698017822041551,1.8232167257994643,0.06854997277581007,0.18023071819320344,-5.163636952131382,Head and Neck Squamous Cell Carcinoma
Menin-MLL,-0.021796240821577797,0.532817426829269,-1.3232235063761164,0.1860442787445934,0.3809478088579769,-5.93962286424373,Head and Neck Squamous Cell Carcinoma
NSL,-0.009181794965260196,0.690279032429991,-1.2143664106236185,0.22487622179541122,0.43953079714557647,-6.075995812248036,Head and Neck Squamous Cell Carcinoma
NURF,0.02057664857143157,0.430541240740741,1.6136328374607962,0.10690250226457493,0.2553781998542623,-5.518788428792696,Head and Neck Squamous Cell Carcinoma
NoRC,-0.008509933398844047,0.2806835276856367,-0.41724406918924234,0.6765837535458752,0.8816091334082615,-6.718558527128904,Head and Neck Squamous Cell Carcinoma
NuA4/TIP60,0.0052668167010391015,0.7442379977416442,0.4935280984827622,0.6217409501381014,0.8624148663205923,-6.684212979645062,Head and Neck Squamous Cell Carcinoma
NuRD (Mi-2/NuRD),-0.013805181605358324,0.23344356913279152,-2.119384453761998,0.034288181530596956,0.12170735360585455,-4.588423924021622,Head and Neck Squamous Cell Carcinoma
PBAF,0.03557052165511533,0.3440632730803972,2.320933451803336,0.020478010051160213,0.08005040292726265,-4.14799160518162,Head and Neck Squamous Cell Carcinoma
PCAF complex,-0.0030139620926185437,0.4083963325654916,-0.22109910480299708,0.8250575311092863,0.9147383350838905,-6.78045967159552,Head and Neck Squamous Cell Carcinoma
PR-DUB,-0.0491427289594174,0.19108004058717235,-3.6427703408060856,2.826742290637919e-4,0.004051663949914351,-0.28444222653164974,Head and Neck Squamous Cell Carcinoma
PRC1 (canonical and variant PCGF complexes),-0.015594489641056504,0.0774263117434509,-3.6855606938981613,2.396580196544557e-4,0.004051663949914351,-0.13133493194264467,Head and Neck Squamous Cell Carcinoma
PRC2,-0.023161587677485315,0.2068612206504066,-2.6359092769234618,0.008512837464168255,0.04575650136990437,-3.380514091867876,Head and Neck Squamous Cell Carcinoma
Piccolo NuA4,0.035151771094150686,0.7310030581752486,1.813061065703307,0.07010304232605828,0.18023071819320344,-5.181839133434566,Head and Neck Squamous Cell Carcinoma
RSF,-0.003406351632828169,0.25863721200632345,-0.1753281081703689,0.860855061702436,0.9254191913301186,-6.789430873299362,Head and Neck Squamous Cell Carcinoma
SAGA,-0.05137289773275155,0.3105263303613374,-3.436886850379721,6.111020382883539e-4,0.0065693469115998045,-0.9966642883726378,Head and Neck Squamous Cell Carcinoma
SET1C/COMPASS,0.03836586359696772,0.589783839656728,2.531573391097825,0.01149772063342595,0.05493355413747954,-3.645418288722626,Head and Neck Squamous Cell Carcinoma
SETDB1-ATF7IP/KAP1,0.04575619473904763,0.2953410291228548,2.090651721059473,0.03679524643897929,0.12170735360585455,-4.647984695724883,Head and Neck Squamous Cell Carcinoma
SRCAP,0.00407170710863644,0.8039866308943082,0.350028737717564,0.7263861481021316,0.8924172676683332,-6.74405442419493,Head and Neck Squamous Cell Carcinoma
STAGA/TFTC,-0.014049885129979608,0.252413731020777,-1.5817460073439682,0.11400358525170165,0.2580081139906932,-5.56904546526421,Head and Neck Squamous Cell Carcinoma
SUV39H1/2-HP1,0.0062624865789036414,0.10173277260252934,0.9180554145444636,0.35879709029366325,0.6428447867761466,-6.388069719794824,Head and Neck Squamous Cell Carcinoma
WICH / B-WICH,0.010705939603057204,0.3771652369105695,0.4253080950514579,0.6706977763924069,0.8816091334082615,-6.715199690756566,Head and Neck Squamous Cell Carcinoma
mSin3A/HDAC,0.02581572691615769,0.30224111428184264,3.1756605891631358,0.001537754687772346,0.013224690314842174,-1.8419693409651279,Head and Neck Squamous Cell Carcinoma
ncBAF (non-canonical BAF / bBAF),0.0013693291562151626,0.35936621971996374,0.10777348813414034,0.9141956168195607,0.9277085595343697,-6.798886750767217,Head and Neck Squamous Cell Carcinoma
Lineage,NA,NA,NA,NA,NA,NA,Hepatocellular Carcinoma
ACF,0.004325579108558077,0.2940597214083108,0.11570770486100795,0.9079059517974792,0.9521940470071124,-6.242848909210656,Hepatocellular Carcinoma
ATAC,0.013899445611205307,0.2862401943992777,0.49304824746534326,0.6220798568162901,0.9480046848699921,-6.132105813010428,Hepatocellular Carcinoma
BAF (canonical/cBAF),-0.023074469044775694,0.28103164933152663,-1.3066084286415427,0.1916269784743549,0.5149975046498287,-5.42682421355467,Hepatocellular Carcinoma
BCOR complex,-0.0176320975395826,0.07688398925835595,-1.3933620336350887,0.16380018740832017,0.4746761053128117,-5.314085712009236,Hepatocellular Carcinoma
BRCA1-A,0.05196646800492786,0.23973389480036114,2.1615613760943475,0.030873638524128465,0.331891614134381,-4.001563768655645,Hepatocellular Carcinoma
CAF-1,-0.003085658499918007,0.9690249844625101,-0.2793826982046738,0.7800052303902748,0.9480046848699921,-6.211670535592439,Hepatocellular Carcinoma
CHRAC,-0.026803656936150767,0.26206692106594376,-0.8908403045291012,0.37321549318317526,0.7294666457671153,-5.866808524577875,Hepatocellular Carcinoma
DAXX-ATRX,-0.08848524000931787,0.25018074947967495,-1.9606577834727323,0.05017858223942436,0.41301859113893824,-4.3992323626959395,Hepatocellular Carcinoma
DNMT1-UHRF1,0.01252880881855102,0.7253934436802176,0.25370327985125474,0.7997736324658937,0.9480046848699921,-6.218270566098516,Hepatocellular Carcinoma
Elongator,0.06448418611157138,0.7476231388617897,1.613717455713721,0.10688413595717068,0.4596017846158339,-4.995295020706779,Hepatocellular Carcinoma
FACT,0.004535671224506917,0.9846571827461597,0.6176703816512762,0.5369242894258586,0.9235097778124767,-6.065384984186908,Hepatocellular Carcinoma
G9a/GLP,-0.00594656879093544,0.1813339326617885,-0.16746505692576394,0.8670358439445397,0.9480046848699921,-6.235782336731332,Hepatocellular Carcinoma
HAT1 complex,-0.0032728866109270577,0.5070069141011739,-0.18509755168263797,0.8531876602306078,0.9480046848699921,-6.232785034742373,Hepatocellular Carcinoma
HBO1,0.003420198919377201,0.1272006936982836,0.21081835107952282,0.8330692263272583,0.9480046848699921,-6.227875224620787,Hepatocellular Carcinoma
HIRA,0.0354116230098194,0.42351438993766954,1.10242823417978,0.27052391153099753,0.6462515664351608,-5.663653527487888,Hepatocellular Carcinoma
INO80,0.00863992802844311,0.6562516235772355,0.33488265080795715,0.7377793709340676,0.9480046848699921,-6.1952342843399935,Hepatocellular Carcinoma
LSD1-CoREST,-0.04766531909888621,0.15410883043179746,-2.2893140154143734,0.02225555522877205,0.331891614134381,-3.7287133348523054,Hepatocellular Carcinoma
MLL1/MLL2 (KMT2A/KMT2B),0.03701897797728468,0.4921214235772354,1.3874806516294433,0.16558468789981803,0.4746761053128117,-5.321956816442839,Hepatocellular Carcinoma
MLL3/MLL4 (KMT2C/KMT2D),0.04485703366038647,0.3775775624299912,1.900546489125378,0.05763050108915417,0.41301859113893824,-4.510739845866569,Hepatocellular Carcinoma
MOZ/MORF,-0.004427365656601945,0.1292105213351399,-0.23051177863437383,0.8177382535266302,0.9480046848699921,-6.22368479572009,Hepatocellular Carcinoma
MSL,-0.028739278443858183,0.3698017822041551,-1.493431337142024,0.13561964099989735,0.4746761053128117,-5.1750801336142445,Hepatocellular Carcinoma
Menin-MLL,0.041891733365413956,0.532817426829269,1.4412707228584352,0.14980135056799773,0.4746761053128117,-5.24873371350014,Hepatocellular Carcinoma
NSL,0.00854065320547141,0.690279032429991,0.6401457517839809,0.5222151243244004,0.9235097778124767,-6.051759522266264,Hepatocellular Carcinoma
NURF,0.036781146559236595,0.430541240740741,1.6346356657596492,0.10242014810525706,0.4596017846158339,-4.962615845650969,Hepatocellular Carcinoma
NoRC,0.040628927714977066,0.2806835276856367,1.1289247541359948,0.2591830967547746,0.6462515664351608,-5.635180957404045,Hepatocellular Carcinoma
NuA4/TIP60,-0.004579466835546188,0.7442379977416442,-0.24318916547253427,0.8079055540657937,0.9480046848699921,-6.220789424180583,Hepatocellular Carcinoma
NuRD (Mi-2/NuRD),-0.007743159349260928,0.23344356913279152,-0.6736765675124938,0.5006626982149368,0.9235097778124767,-6.030527432522105,Hepatocellular Carcinoma
PBAF,-0.06629046206439686,0.3440632730803972,-2.4512585664224464,0.014395154983347227,0.331891614134381,-3.3605621753693478,Hepatocellular Carcinoma
PCAF complex,-0.011779521198309698,0.4083963325654916,-0.489713933541897,0.6244369144375306,0.9480046848699921,-6.133685413192604,Hepatocellular Carcinoma
PR-DUB,-0.052423777941124766,0.19108004058717235,-2.2022492054494887,0.027860832088992687,0.331891614134381,-3.9163476410982185,Hepatocellular Carcinoma
PRC1 (canonical and variant PCGF complexes),-0.0028562184825199326,0.0774263117434509,-0.382551096335675,0.702128737503657,0.9480046848699921,-6.1787468920537405,Hepatocellular Carcinoma
PRC2,-0.026092993327891865,0.2068612206504066,-1.6828742304383915,0.09269166075337375,0.4596017846158339,-4.885659795772783,Hepatocellular Carcinoma
Piccolo NuA4,-0.005085203702597095,0.7310030581752486,-0.14864119880995694,0.8818648231348765,0.9480046848699921,-6.238651301322291,Hepatocellular Carcinoma
RSF,0.030617830387496967,0.25863721200632345,0.8931041480800009,0.37200260178103894,0.7294666457671153,-5.864862776958677,Hepatocellular Carcinoma
SAGA,-0.012051279805922457,0.3105263303613374,-0.4569092662326795,0.64782918161022,0.9480046848699921,-6.148655084671176,Hepatocellular Carcinoma
SET1C/COMPASS,0.025189425182333393,0.589783839656728,0.9419534158831646,0.34642951025071933,0.7294666457671153,-5.8216763980334285,Hepatocellular Carcinoma
SETDB1-ATF7IP/KAP1,-0.06492811022843202,0.2953410291228548,-1.6812417944256375,0.09300834402604463,0.4596017846158339,-4.888300576520924,Hepatocellular Carcinoma
SRCAP,5.667093444086937e-4,0.8039866308943082,0.02760915848935653,0.9779790351322046,0.9844187635629975,-6.248936662990102,Hepatocellular Carcinoma
STAGA/TFTC,0.004210499117987674,0.252413731020777,0.26863536062479115,0.7882621692190732,0.9480046848699921,-6.214510141293514,Hepatocellular Carcinoma
SUV39H1/2-HP1,-0.012658123526787428,0.10173277260252934,-1.0516156537943098,0.2932137546199814,0.663589023613642,-5.716368167270525,Hepatocellular Carcinoma
WICH / B-WICH,-8.67654214016232e-4,0.3771652369105695,-0.019533999160911496,0.9844187635629975,0.9844187635629975,-6.249120216862658,Hepatocellular Carcinoma
mSin3A/HDAC,0.004494575025913726,0.30224111428184264,0.31333144369235616,0.7540900315540677,0.9480046848699921,-6.201969327552692,Hepatocellular Carcinoma
ncBAF (non-canonical BAF / bBAF),-0.03296510677874421,0.35936621971996374,-1.4703617453671811,0.14175835137115297,0.4746761053128117,-5.20797720783227,Hepatocellular Carcinoma
Lineage,NA,NA,NA,NA,NA,NA,Intracholecystic Papillary Neoplasm
ACF,0.08795530723050936,0.2940597214083108,1.276744168647103,0.20197011863011602,0.5465453415778367,-5.258578402106032,Intracholecystic Papillary Neoplasm
ATAC,0.035971210245351576,0.2862401943992777,0.6924219133278898,0.48882293211673267,0.8889035018149913,-5.801025603810822,Intracholecystic Papillary Neoplasm
BAF (canonical/cBAF),-0.06366150197160494,0.28103164933152663,-1.956205306093194,0.05070128708903117,0.3633592241380567,-4.224702801362753,Intracholecystic Papillary Neoplasm
BCOR complex,-0.030859232295680186,0.07688398925835595,-1.323332332432404,0.18600804917579394,0.5465453415778367,-5.201507954710882,Intracholecystic Papillary Neoplasm
BRCA1-A,-0.09492220870238928,0.23973389480036114,-2.1425749315263394,0.0323727888531053,0.348007480170882,-3.865698608602136,Intracholecystic Papillary Neoplasm
CAF-1,0.007944131743984876,0.9690249844625101,0.39032098264994003,0.696377029112067,0.9881932600307859,-5.955343931080551,Intracholecystic Papillary Neoplasm
CHRAC,0.032479039405312514,0.26206692106594376,0.5857776481441439,0.5581487104419713,0.8889035018149913,-5.865329196490819,Intracholecystic Papillary Neoplasm
DAXX-ATRX,0.01545539647848695,0.25018074947967495,0.18583817333825367,0.8526069578854204,0.9881932600307859,-6.01093881442464,Intracholecystic Papillary Neoplasm
DNMT1-UHRF1,-0.043179172108278006,0.7253934436802176,-0.47447618990035484,0.6352573728000741,0.9755738225143996,-5.92100473385016,Intracholecystic Papillary Neoplasm
Elongator,0.08013859391644962,0.7476231388617897,1.0882778880833694,0.27671797592814384,0.636652848242149,-5.468636864659784,Intracholecystic Papillary Neoplasm
FACT,-9.968165803712218e-4,0.9846571827461597,-0.07366382675339223,0.9412916737003296,0.9881932600307859,-6.024676118548001,Intracholecystic Papillary Neoplasm
G9a/GLP,0.15702452677979634,0.1813339326617885,2.399656397558418,0.01658094802257479,0.24111234719193622,-3.317425739418057,Intracholecystic Papillary Neoplasm
HAT1 complex,0.019110476559804954,0.5070069141011739,0.5864959871427661,0.5576661761202482,0.8889035018149913,-5.8649319485885805,Intracholecystic Papillary Neoplasm
HBO1,-0.02816345790989114,0.1272006936982836,-0.9420345604300113,0.3463879365102316,0.7447340634969979,-5.608618108197707,Intracholecystic Papillary Neoplasm
HIRA,0.040252101497624176,0.42351438993766954,0.6800124550616553,0.4966439489784812,0.8889035018149913,-5.809059345221229,Intracholecystic Papillary Neoplasm
INO80,-0.08432525977643492,0.6562516235772355,-1.7736340781704416,0.07640861303068155,0.46936719433132956,-4.544962655913242,Intracholecystic Papillary Neoplasm
LSD1-CoREST,0.0034598263645284565,0.15410883043179746,0.09017392610541769,0.9281659122813551,0.9881932600307859,-6.0233995716710655,Intracholecystic Papillary Neoplasm
MLL1/MLL2 (KMT2A/KMT2B),-0.03851176592515443,0.4921214235772354,-0.7832849051690617,0.4336334889004808,0.8475563646691217,-5.737780327567267,Intracholecystic Papillary Neoplasm
MLL3/MLL4 (KMT2C/KMT2D),0.009536212928679217,0.3775775624299912,0.21925408771267504,0.8264940201221953,0.9881932600307859,-6.004550807646409,Intracholecystic Papillary Neoplasm
MOZ/MORF,0.03815188405071519,0.1292105213351399,1.0779224877215479,0.2813117236418798,0.636652848242149,-5.479210844140909,Intracholecystic Papillary Neoplasm
MSL,-0.006267002834102154,0.3698017822041551,-0.1767230116024543,0.8597594672467535,0.9881932600307859,-6.012498395291009,Intracholecystic Papillary Neoplasm
Menin-MLL,-0.042293386146781145,0.532817426829269,-0.7896115721867664,0.42992991935314073,0.8475563646691217,-5.733086953679398,Intracholecystic Papillary Neoplasm
NSL,0.007284360522544758,0.690279032429991,0.2962804700782524,0.7670734900165026,0.9881932600307859,-5.985811923867783,Intracholecystic Papillary Neoplasm
NURF,0.133215446803139,0.430541240740741,3.212729092052057,0.0013541137935928589,0.05822689312449293,-1.180892177347431,Intracholecystic Papillary Neoplasm
NoRC,0.07790900651985516,0.2806835276856367,1.1747382633149823,0.24036130502102568,0.6079727127002414,-5.376415876334458,Intracholecystic Papillary Neoplasm
NuA4/TIP60,0.0025342429205514106,0.7442379977416442,0.0730300098219737,0.9417959099016384,0.9881932600307859,-6.024719996568144,Intracholecystic Papillary Neoplasm
NuRD (Mi-2/NuRD),0.007043761382446481,0.23344356913279152,0.3325536300226397,0.7395364989504186,0.9881932600307859,-5.9750483973377415,Intracholecystic Papillary Neoplasm
PBAF,-0.0779294345034212,0.3440632730803972,-1.5637359329473177,0.11817584654942032,0.4934618948001711,-4.87463965626244,Intracholecystic Papillary Neoplasm
PCAF complex,0.08787269709437331,0.4083963325654916,1.9824059487074241,0.04768977559682144,0.3633592241380567,-4.17618916396702,Intracholecystic Papillary Neoplasm
PR-DUB,0.06597855810765575,0.19108004058717235,1.504058678037688,0.13286191530317099,0.4934618948001711,-4.960838266080946,Intracholecystic Papillary Neoplasm
PRC1 (canonical and variant PCGF complexes),7.615912735776413e-4,0.0774263117434509,0.055353335756361206,0.9558673223970454,0.9881932600307859,-6.025790981248676,Intracholecystic Papillary Neoplasm
PRC2,-4.2291771813571726e-4,0.2068612206504066,-0.014801558643575905,0.9881932600307859,0.9881932600307859,-6.027133569661682,Intracholecystic Papillary Neoplasm
Piccolo NuA4,0.013569649955939437,0.7310030581752486,0.21524015809273822,0.8296211790566773,0.9881932600307859,-6.005373825621906,Intracholecystic Papillary Neoplasm
RSF,0.09752364516798497,0.25863721200632345,1.5436947677639024,0.12295854122249979,0.4934618948001711,-4.903959635230212,Intracholecystic Papillary Neoplasm
SAGA,0.1163766328770044,0.3105263303613374,2.3943431717714314,0.01682179166455369,0.24111234719193622,-3.329378511705378,Intracholecystic Papillary Neoplasm
SET1C/COMPASS,8.320300603823362e-4,0.589783839656728,0.01688394770576322,0.9865323524213193,0.9881932600307859,-6.027102431099714,Intracholecystic Papillary Neoplasm
SETDB1-ATF7IP/KAP1,0.0963145318935192,0.2953410291228548,1.3533590958853936,0.17622731546605694,0.5465453415778367,-5.163645096221606,Intracholecystic Papillary Neoplasm
SRCAP,-0.04814418821656684,0.8039866308943082,-1.2728009101926858,0.20336570849407878,0.5465453415778367,-5.263315318820181,Intracholecystic Papillary Neoplasm
STAGA/TFTC,0.007257341313109732,0.252413731020777,0.251264399150036,0.8016580235597071,0.9881932600307859,-5.997443286801706,Intracholecystic Papillary Neoplasm
SUV39H1/2-HP1,-0.0019490084292263811,0.10173277260252934,-0.08786688754738668,0.9299989434419025,0.9881932600307859,-6.023593413981734,Intracholecystic Papillary Neoplasm
WICH / B-WICH,0.12762393668842306,0.3771652369105695,1.559195001926426,0.11924650081720897,0.4934618948001711,-4.88131596181169,Intracholecystic Papillary Neoplasm
mSin3A/HDAC,0.016325695025913717,0.30224111428184264,0.6176050488901768,0.5369673490417906,0.8889035018149913,-5.847260604011321,Intracholecystic Papillary Neoplasm
ncBAF (non-canonical BAF / bBAF),-0.0613726650714271,0.35936621971996374,-1.4854857971027704,0.13771029622330355,0.4934618948001711,-4.9869839864887044,Intracholecystic Papillary Neoplasm
Lineage,NA,NA,NA,NA,NA,NA,Intraductal Papillary Neoplasm of the Bile Duct
ACF,0.009366413779289708,0.2940597214083108,0.28732068130467603,0.77392252739086,0.9197074006550743,-6.341696395599029,Intraductal Papillary Neoplasm of the Bile Duct
ATAC,0.014269880977058879,0.2862401943992777,0.5804807464664878,0.561712925694719,0.9197074006550743,-6.217972364402958,Intraductal Papillary Neoplasm of the Bile Duct
BAF (canonical/cBAF),-0.009623554898434382,0.28103164933152663,-0.6249205335031585,0.532156681751897,0.9197074006550743,-6.191924764530344,Intraductal Papillary Neoplasm of the Bile Duct
BCOR complex,-0.01488347216153387,0.07688398925835595,-1.3487758470763451,0.1776948334236932,0.9197074006550743,-5.497720802609933,Intraductal Papillary Neoplasm of the Bile Duct
BRCA1-A,-0.014096838568242983,0.23973389480036114,-0.6724215532771315,0.5014608165233905,0.9197074006550743,-6.16196086864011,Intraductal Papillary Neoplasm of the Bile Duct
CAF-1,-0.01724469142674696,0.9690249844625101,-1.7905341279011597,0.07365118000016783,0.9197074006550743,-4.824765144053163,Intraductal Papillary Neoplasm of the Bile Duct
CHRAC,0.012602047210190629,0.26206692106594376,0.4803108940169965,0.6311047082434444,0.9197074006550743,-6.269645528162216,Intraductal Papillary Neoplasm of the Bile Duct
DAXX-ATRX,-0.10448199922883002,0.25018074947967495,-2.654898771062232,0.008051231219024114,0.3462029424180369,-2.9648654587241863,Intraductal Papillary Neoplasm of the Bile Duct
DNMT1-UHRF1,0.006901174879526592,0.7253934436802176,0.16025620724072984,0.8727095599766089,0.9197074006550743,-6.369358533686785,Intraductal Papillary Neoplasm of the Bile Duct
Elongator,-0.051308355717697006,0.7476231388617897,-1.4724409900169757,0.1411964609150323,0.9197074006550743,-5.328338643591136,Intraductal Papillary Neoplasm of the Bile Duct
FACT,0.003575655370848126,0.9846571827461597,0.5584012630181593,0.5766874319624897,0.9197074006550743,-6.230200199843871,Intraductal Papillary Neoplasm of the Bile Duct
G9a/GLP,0.0025517319493083466,0.1813339326617885,0.08240780249091775,0.9343378736793428,0.9565840135288509,-6.378547462184291,Intraductal Papillary Neoplasm of the Bile Duct
HAT1 complex,-0.014879020147512297,0.5070069141011739,-0.9649828044945896,0.33477183945112843,0.9197074006550743,-5.929098034677687,Intraductal Papillary Neoplasm of the Bile Duct
HBO1,-0.003681316117208301,0.1272006936982836,-0.26021701264575253,0.7947465302525276,0.9197074006550743,-6.34891457503087,Intraductal Papillary Neoplasm of the Bile Duct
HIRA,0.05779002759518521,0.42351438993766954,2.0631600746127163,0.03933869288129576,0.8457818969478589,-4.3155473479856,Intraductal Papillary Neoplasm of the Bile Duct
INO80,-0.016466819532532557,0.6562516235772355,-0.7319270160756308,0.46437369568954856,0.9197074006550743,-6.121331331349212,Intraductal Papillary Neoplasm of the Bile Duct
LSD1-CoREST,-0.015149297342788649,0.15410883043179746,-0.8343934378402131,0.40424591059811765,0.9197074006550743,-6.0433085689916615,Intraductal Papillary Neoplasm of the Bile Duct
MLL1/MLL2 (KMT2A/KMT2B),-0.020851514705642202,0.4921214235772354,-0.8962220970031968,0.370336120951095,0.9197074006550743,-5.991297751799101,Intraductal Papillary Neoplasm of the Bile Duct
MLL3/MLL4 (KMT2C/KMT2D),-0.006732533412784294,0.3775775624299912,-0.32711615420018053,0.7436441376789689,0.9197074006550743,-6.329803492935158,Intraductal Papillary Neoplasm of the Bile Duct
MOZ/MORF,-0.015943304900504402,0.1292105213351399,-0.9519225377810483,0.3413516234263292,0.9197074006550743,-5.941265076830074,Intraductal Papillary Neoplasm of the Bile Duct
MSL,0.01419001667809279,0.3698017822041551,0.8456055672929762,0.3979622040123141,0.9197074006550743,-6.0341523229795895,Intraductal Papillary Neoplasm of the Bile Duct
Menin-MLL,-0.025592322732147118,0.532817426829269,-1.0097235038008738,0.31285648804486244,0.9197074006550743,-5.886162717056054,Intraductal Papillary Neoplasm of the Bile Duct
NSL,0.004613341010349364,0.690279032429991,0.39653257112053425,0.6917913841912253,0.9197074006550743,-6.305371940236243,Intraductal Papillary Neoplasm of the Bile Duct
NURF,0.009579138388504774,0.430541240740741,0.4881998960613201,0.6255084753934284,0.9197074006550743,-6.265929790269578,Intraductal Papillary Neoplasm of the Bile Duct
NoRC,0.012640209617416139,0.2806835276856367,0.4027721556437182,0.687196456350665,0.9197074006550743,-6.3029463326689035,Intraductal Papillary Neoplasm of the Bile Duct
NuA4/TIP60,8.127099937217722e-4,0.7442379977416442,0.04949261857190207,0.9605359725137437,0.9605359725137437,-6.380659283362986,Intraductal Papillary Neoplasm of the Bile Duct
NuRD (Mi-2/NuRD),-0.012706444959017077,0.23344356913279152,-1.267747702174989,0.20516432733816498,0.9197074006550743,-5.60067914027713,Intraductal Papillary Neoplasm of the Bile Duct
PBAF,-0.008408094747323722,0.3440632730803972,-0.35654241594498864,0.7215048207312625,0.9197074006550743,-6.320018917376029,Intraductal Papillary Neoplasm of the Bile Duct
PCAF complex,-0.01413569058855361,0.4083963325654916,-0.6739185040564565,0.5005089574319874,0.9197074006550743,-6.160980951282922,Intraductal Papillary Neoplasm of the Bile Duct
PR-DUB,-0.006334639928929676,0.19108004058717235,-0.30516562280232296,0.7602994769978151,0.9197074006550743,-6.3365539074927675,Intraductal Papillary Neoplasm of the Bile Duct
PRC1 (canonical and variant PCGF complexes),-0.002655764945934549,0.0774263117434509,-0.4079089063184867,0.6834222949045111,0.9197074006550743,-6.300921062272815,Intraductal Papillary Neoplasm of the Bile Duct
PRC2,-0.005622471742526016,0.2068612206504066,-0.41584412119096575,0.6776075956277636,0.9197074006550743,-6.29774198350322,Intraductal Papillary Neoplasm of the Bile Duct
Piccolo NuA4,0.00514528044374416,0.7310030581752486,0.17247073873385244,0.8631001418098564,0.9197074006550743,-6.367381701634195,Intraductal Papillary Neoplasm of the Bile Duct
RSF,0.016351291728960347,0.25863721200632345,0.5469596492730934,0.5845207190085431,0.9197074006550743,-6.236350245546883,Intraductal Papillary Neoplasm of the Bile Duct
SAGA,-0.004053087244946896,0.3105263303613374,-0.17622124931200242,0.8601535367023353,0.9197074006550743,-6.366745585769105,Intraductal Papillary Neoplasm of the Bile Duct
SET1C/COMPASS,-0.011970100427422768,0.589783839656728,-0.5133156321688424,0.6078367201363976,0.9197074006550743,-6.253697288585261,Intraductal Papillary Neoplasm of the Bile Duct
SETDB1-ATF7IP/KAP1,-0.017730437118675946,0.2953410291228548,-0.5264927382808999,0.5986552200010089,0.9197074006550743,-6.247034179583821,Intraductal Papillary Neoplasm of the Bile Duct
SRCAP,0.010177733734652276,0.8039866308943082,0.5686164357567931,0.5697360135077768,0.9197074006550743,-6.224601819670194,Intraductal Papillary Neoplasm of the Bile Duct
STAGA/TFTC,-0.0021171084429879783,0.252413731020777,-0.15489886292813068,0.8769303122525126,0.9197074006550743,-6.37017979496657,Intraductal Papillary Neoplasm of the Bile Duct
SUV39H1/2-HP1,0.004242492521993113,0.10173277260252934,0.4041888472949466,0.6861547623104818,0.9197074006550743,-6.3023903461421575,Intraductal Papillary Neoplasm of the Bile Duct
WICH / B-WICH,0.022702622895739898,0.3771652369105695,0.5861328300384829,0.5579101077745114,0.9197074006550743,-6.214766021639961,Intraductal Papillary Neoplasm of the Bile Duct
mSin3A/HDAC,-0.010493832413110773,0.30224111428184264,-0.8389285946551919,0.4016970741214937,0.9197074006550743,-6.039619724316653,Intraductal Papillary Neoplasm of the Bile Duct
ncBAF (non-canonical BAF / bBAF),-0.015280592266549332,0.35936621971996374,-0.7816015709749359,0.43462199884932395,0.9197074006550743,-6.084780137412631,Intraductal Papillary Neoplasm of the Bile Duct
Lineage,NA,NA,NA,NA,NA,NA,Invasive Breast Carcinoma
ACF,0.021782612439568434,0.2940597214083108,0.8663252707205384,0.3865063950966303,0.5935633924698251,-6.266677308551617,Invasive Breast Carcinoma
ATAC,-0.02848771759436979,0.2862401943992777,-1.502458879613683,0.13327425643181834,0.31837739036489937,-5.526333143487886,Invasive Breast Carcinoma
BAF (canonical/cBAF),0.011779223220032452,0.28103164933152663,0.9917070238153524,0.3215650546830394,0.5590708328920029,-6.152149671626601,Invasive Breast Carcinoma
BCOR complex,0.03605327526877976,0.07688398925835595,4.236017209387509,2.471328266907113e-5,3.5267776183674795e-4,2.118311430708003,Invasive Breast Carcinoma
BRCA1-A,0.00629859143349889,0.23973389480036114,0.38952990760585765,0.6969618531652578,0.8562674196030311,-6.561164441615491,Invasive Breast Carcinoma
CAF-1,-0.011850353273438486,0.9690249844625101,-1.5952764112879179,0.11094623160825556,0.28062870347970525,-5.385188638864484,Invasive Breast Carcinoma
CHRAC,-0.001634786552875836,0.26206692106594376,-0.08078297856329326,0.9356296805272124,0.9747113687384472,-6.632603882191657,Invasive Breast Carcinoma
DAXX-ATRX,-0.1069374909709904,0.25018074947967495,-3.5230106264363292,4.4471907689673447e-4,0.003187153384426597,-0.5648859553088679,Invasive Breast Carcinoma
DNMT1-UHRF1,-0.1385339126309265,0.7253934436802176,-4.170857941463429,3.280723365923237e-5,3.5267776183674795e-4,1.8532366137346141,Invasive Breast Carcinoma
Elongator,-0.13189526517762665,0.7476231388617897,-4.907456716103086,1.0663416697339527e-6,4.5852691798559967e-5,5.079675644088423,Invasive Breast Carcinoma
FACT,-0.02203897128420446,0.9846571827461597,-4.462307840465491,8.967410650183362e-6,1.9279932897894227e-4,3.069629025551439,Invasive Breast Carcinoma
G9a/GLP,-0.04601916387525609,0.1813339326617885,-1.9268569607172281,0.05426252574313454,0.17948373899652192,-4.812281693495926,Invasive Breast Carcinoma
HAT1 complex,-0.015771059433227205,0.5070069141011739,-1.326122310376802,0.1850826748530571,0.39792775093407273,-5.771274846048454,Invasive Breast Carcinoma
HBO1,-0.00975825846041385,0.1272006936982836,-0.8942982108149814,0.37136380403426494,0.5914312434619775,-6.242463420627692,Invasive Breast Carcinoma
HIRA,0.014123470312954824,0.42351438993766954,0.6537307520673498,0.5134260154502207,0.7359106221453163,-6.425586649734542,Invasive Breast Carcinoma
INO80,-0.005927632947166963,0.6562516235772355,-0.3415991847807275,0.7327197519516973,0.8751930370534161,-6.5784043037314985,Invasive Breast Carcinoma
LSD1-CoREST,7.210432356085291e-4,0.15410883043179746,0.05148932133518269,0.9589452394891169,0.9747113687384472,-6.634510316492057,Invasive Breast Carcinoma
MLL1/MLL2 (KMT2A/KMT2B),-0.037956933520973485,0.4921214235772354,-2.115176577474559,0.03464598926450021,0.1304524467591135,-4.439214363444249,Invasive Breast Carcinoma
MLL3/MLL4 (KMT2C/KMT2D),0.007039423695229639,0.3775775624299912,0.4434432520212553,0.6575349752318216,0.8562674196030311,-6.539072367237912,Invasive Breast Carcinoma
MOZ/MORF,0.02442391983468729,0.1292105213351399,1.8906715712741935,0.05893866438659471,0.18102589775882663,-4.880013299769681,Invasive Breast Carcinoma
MSL,4.1039054568868023e-4,0.3698017822041551,0.03170733531810008,0.9747113687384472,0.9747113687384472,-6.635320076423028,Invasive Breast Carcinoma
Menin-MLL,-0.03316530217465606,0.532817426829269,-1.6965012774455064,0.09008239881916047,0.24209644682649376,-5.2216656278677345,Invasive Breast Carcinoma
NSL,-0.0012899920906961518,0.690279032429991,-0.1437566110162372,0.8857197803927108,0.9747113687384472,-6.625646799689726,Invasive Breast Carcinoma
NURF,-0.0019821935104503323,0.430541240740741,-0.13097691460409402,0.8958182371628207,0.9747113687384472,-6.627374248063885,Invasive Breast Carcinoma
NoRC,0.03362602486480274,0.2806835276856367,1.3891788531594949,0.1650679493689688,0.37357483278240305,-5.68718036168466,Invasive Breast Carcinoma
NuA4/TIP60,-0.03691278181812536,0.7442379977416442,-2.9144665705479795,0.00363728744313653,0.01955042000685885,-2.4733643488832353,Invasive Breast Carcinoma
NuRD (Mi-2/NuRD),-7.791278510031896e-4,0.23344356913279152,-0.10078478464018643,0.9197402179848055,0.9747113687384472,-6.6308170429215805,Invasive Breast Carcinoma
PBAF,0.0036631507579025354,0.3440632730803972,0.2013936945649925,0.8404290960713225,0.9747113687384472,-6.615859138301349,Invasive Breast Carcinoma
PCAF complex,0.009163489394024388,0.4083963325654916,0.5664071183591097,0.5712360609307701,0.7923596974201005,-6.477990992555089,Invasive Breast Carcinoma
PR-DUB,0.027934333766192386,0.19108004058717235,1.7447349582790692,0.08131866337232409,0.23311350166732905,-5.140228336661357,Invasive Breast Carcinoma
PRC1 (canonical and variant PCGF complexes),0.019957857963473123,0.0774263117434509,3.974339395247174,7.531513078792324e-5,6.477101247761399e-4,1.0779374638808958,Invasive Breast Carcinoma
PRC2,0.010267889738310021,0.2068612206504066,0.9846048069000706,0.32504118191395515,0.5590708328920029,-6.1590493311714045,Invasive Breast Carcinoma
Piccolo NuA4,-0.0656515068384863,0.7310030581752486,-2.8531758647065204,0.004412019874309066,0.021079650510587758,-2.6459292002952672,Invasive Breast Carcinoma
RSF,0.02107873449202661,0.25863721200632345,0.9141663381548466,0.3608357891796692,0.5914312434619775,-6.224798512791146,Invasive Breast Carcinoma
SAGA,-0.01348523457944171,0.3105263303613374,-0.7601657525961392,0.44732329154203454,0.6632724667692237,-6.351579183185834,Invasive Breast Carcinoma
SET1C/COMPASS,-0.04076045077585492,0.589783839656728,-2.2662256195982216,0.023637010038992098,0.10163914316766602,-4.115076460859971,Invasive Breast Carcinoma
SETDB1-ATF7IP/KAP1,-0.054417097057700606,0.2953410291228548,-2.095008471917497,0.03640533397928748,0.1304524467591135,-4.480816796931082,Invasive Breast Carcinoma
SRCAP,-0.04428129344304886,0.8039866308943082,-3.207495770881164,0.0013787513795188344,0.008469472759901411,-1.5985511841207307,Invasive Breast Carcinoma
STAGA/TFTC,0.01102292448384129,0.252413731020777,1.045633354557489,0.2959668928236132,0.5533294083224073,-6.09814685304455,Invasive Breast Carcinoma
SUV39H1/2-HP1,-0.0032916871783553753,0.10173277260252934,-0.40659240961278986,0.6843888190591795,0.8562674196030311,-6.5544819692408725,Invasive Breast Carcinoma
WICH / B-WICH,0.03181340836438063,0.3771652369105695,1.064897194547277,0.2871631532909124,0.5533294083224073,-6.078164043024621,Invasive Breast Carcinoma
mSin3A/HDAC,0.012007761297690663,0.30224111428184264,1.2446016997700626,0.2135511883195651,0.43727148084482376,-5.87422353744248,Invasive Breast Carcinoma
ncBAF (non-canonical BAF / bBAF),0.006824659423345929,0.35936621971996374,0.4525886826915562,0.6509368704111802,0.8562674196030311,-6.535041245739487,Invasive Breast Carcinoma
Lineage,NA,NA,NA,NA,NA,NA,Liposarcoma
ACF,-0.021536593167864743,0.2940597214083108,-0.38171300817060444,0.7027501840837134,0.7905909561147477,-5.79342548643499,Liposarcoma
ATAC,-0.07431656983594916,0.2862401943992777,-1.746704877776709,0.08097601696127898,0.26784374841038433,-4.457314207117177,Liposarcoma
BAF (canonical/cBAF),0.06101426022351686,0.28103164933152663,2.289217329384388,0.022261154592976902,0.14747307863810144,-3.452946381136312,Liposarcoma
BCOR complex,0.006923251712449917,0.07688398925835595,0.3625033720384692,0.7170476113598874,0.7905909561147477,-5.8000098669749205,Liposarcoma
BRCA1-A,0.05394367527322044,0.23973389480036114,1.486711975294903,0.1373860528402445,0.3713009245583715,-4.843526613727571,Liposarcoma
CAF-1,-0.0338214536218696,0.9690249844625101,-2.0290177816148276,0.04270408564077163,0.183627568255318,-3.9680798936776442,Liposarcoma
CHRAC,-0.007751382789809386,0.26206692106594376,-0.17069740832748212,0.8644940335764073,0.9066644742386711,-5.8471156389768,Liposarcoma
DAXX-ATRX,0.07346285465734877,0.25018074947967495,1.0785510374639216,0.28103145597673246,0.5254066350869346,-5.325008524824519,Liposarcoma
DNMT1-UHRF1,0.03888313467220955,0.7253934436802176,0.5216984002920534,0.6019885122993214,0.7190418341353005,-5.735183904375891,Liposarcoma
Elongator,9.226465993762739e-4,0.7476231388617897,0.015298596681546392,0.9877968194554749,0.9877968194554749,-5.860429421418779,Liposarcoma
FACT,-0.00864671251533107,0.9846571827461597,-0.7802039882499494,0.4354436557873558,0.6687170428162964,-5.580226791178221,Liposarcoma
G9a/GLP,-0.046956773899878575,0.1813339326617885,-0.8761892929834185,0.3811241664037677,0.6303207367446927,-5.507041637130921,Liposarcoma
HAT1 complex,0.014703743795577085,0.5070069141011739,0.5509847485458839,0.5817593507901431,0.7155107325696265,-5.72071731009792,Liposarcoma
HBO1,0.018387203277100656,0.1272006936982836,0.7509562913579071,0.45284435443826,0.6714588703739718,-5.600843129998335,Liposarcoma
HIRA,0.12329343476591695,0.42351438993766954,2.5432343620809603,0.01112327063723265,0.1196547375399686,-2.8908344444251735,Liposarcoma
INO80,0.08351768412600419,0.6562516235772355,2.144879523308919,0.03218755229559814,0.15378497207896888,-3.746297272590843,Liposarcoma
LSD1-CoREST,-0.03798207945660981,0.15410883043179746,-1.2087139550348276,0.22704030301228909,0.450920669121178,-5.1880514001043805,Liposarcoma
MLL1/MLL2 (KMT2A/KMT2B),-0.05578085129100805,0.4921214235772354,-1.3852545487767507,0.16626390418270492,0.41093946774400336,-4.977467822498887,Liposarcoma
MLL3/MLL4 (KMT2C/KMT2D),-0.07968363186806897,0.3775775624299912,-2.2369640406201987,0.025494422133054348,0.14747307863810144,-3.561329446253591,Liposarcoma
MOZ/MORF,-0.012480655380179197,0.1292105213351399,-0.43055343390296424,0.6668799687198508,0.7750226663500968,-5.775154514940596,Liposarcoma
MSL,0.05473810529597908,0.3698017822041551,1.8846950787586338,0.0597423381525463,0.2335382309599537,-4.227259068541686,Liposarcoma
Menin-MLL,-0.052607078016699865,0.532817426829269,-1.1992323911279859,0.2307035981550213,0.450920669121178,-5.1985528045182825,Liposarcoma
NSL,0.013722323124170582,0.690279032429991,0.6814866578594345,0.4957113207486932,0.7099786124742145,-5.646657657204355,Liposarcoma
NURF,-0.027945957831007465,0.430541240740741,-0.8229181530196072,0.4107382449964838,0.6541386864758816,-5.548704811448361,Liposarcoma
NoRC,-0.05286084339071395,0.2806835276856367,-0.9732079757124292,0.33067031955263504,0.5923161998586713,-5.424463345352852,Liposarcoma
NuA4/TIP60,0.03884074454656743,0.7442379977416442,1.3666546600523475,0.1720211725440014,0.41093946774400336,-5.0010004540402075,Liposarcoma
NuRD (Mi-2/NuRD),0.05044220146374734,0.23344356913279152,2.9078313402823404,0.003714721354990052,0.1196547375399686,-1.9822038591130013,Liposarcoma
PBAF,0.022450755008773863,0.3440632730803972,0.550061140418954,0.5823924567427192,0.7155107325696265,-5.72118558194345,Liposarcoma
PCAF complex,-0.08672787550725279,0.4083963325654916,-2.3889962433588825,0.01706726217833307,0.1467784547336644,-3.2391125384222903,Liposarcoma
PR-DUB,0.09568399997757433,0.19108004058717235,2.6632958040835524,0.00785435416843476,0.1196547375399686,-2.6048512621458726,Liposarcoma
PRC1 (canonical and variant PCGF complexes),-0.0012921142548776377,0.0774263117434509,-0.11466764137374268,0.9087301123142008,0.9303665435597769,-5.854480541188613,Liposarcoma
PRC2,-0.015328799669355238,0.2068612206504066,-0.6550551139003751,0.5125733002176431,0.7099786124742145,-5.662923085950438,Liposarcoma
Piccolo NuA4,0.048844061338053094,0.7310030581752486,0.9459856504535666,0.3443698836387624,0.5923161998586713,-5.448506775350621,Liposarcoma
RSF,-0.029199560913316103,0.25863721200632345,-0.5643466487015666,0.5726367399818154,0.7155107325696265,-5.7138546342598096,Liposarcoma
SAGA,-0.07049607736689818,0.3105263303613374,-1.770939332894699,0.07685597617652072,0.26784374841038433,-4.418168383433118,Liposarcoma
SET1C/COMPASS,-0.10263449189083709,0.589783839656728,-2.5430004724106214,0.011130673259531963,0.1196547375399686,-2.891378862674864,Liposarcoma
SETDB1-ATF7IP/KAP1,-0.07149692469997676,0.2953410291228548,-1.2266670873470107,0.22021810956387128,0.450920669121178,-5.167941349501566,Liposarcoma
SRCAP,-0.019539092281607447,0.8039866308943082,-0.6307236502932606,0.5283561767249968,0.7099786124742145,-5.67732793184592,Liposarcoma
STAGA/TFTC,-0.040436853077134294,0.252413731020777,-1.7094204054353106,0.08766354049563255,0.26925230295087144,-4.516492632770814,Liposarcoma
SUV39H1/2-HP1,0.022638505058578427,0.10173277260252934,1.246170290825982,0.21297510540213394,0.450920669121178,-5.145760055514613,Liposarcoma
WICH / B-WICH,-0.015086010018894314,0.3771652369105695,-0.22504056633190803,0.821990767670607,0.8836400752459025,-5.837209790496671,Liposarcoma
mSin3A/HDAC,0.047807499578759106,0.30224111428184264,2.2082757905405512,0.02743685183964678,0.14747307863810144,-3.6197796273442897,Liposarcoma
ncBAF (non-canonical BAF / bBAF),0.050206752733450835,0.35936621971996374,1.483794569400031,0.13815848355660335,0.3713009245583715,-4.847509669809115,Liposarcoma
Lineage,NA,NA,NA,NA,NA,NA,Lung Neuroendocrine Tumor
ACF,-0.06969127336048508,0.2940597214083108,-2.06410024518382,0.03924930406952094,0.12055143392781434,-4.316063223622672,Lung Neuroendocrine Tumor
ATAC,0.0623474027781846,0.2862401943992777,2.4487512640636515,0.014495165662137712,0.05666292031562924,-3.4757060580658523,Lung Neuroendocrine Tumor
BAF (canonical/cBAF),0.011228854050908992,0.28103164933152663,0.7040176407589817,0.48157523126380397,0.7001589640217747,-6.14349831324763,Lung Neuroendocrine Tumor
BCOR complex,0.026305142634901475,0.07688398925835595,2.3016274029956945,0.021547919167616277,0.07721337701729167,-3.813880171292406,Lung Neuroendocrine Tumor
BRCA1-A,0.012665937650331232,0.23973389480036114,0.583332377977523,0.5597927314913882,0.7294268925493846,-6.21905286339026,Lung Neuroendocrine Tumor
CAF-1,-0.005847096210987521,0.9690249844625101,-0.5861735978971592,0.5578826958325511,0.7294268925493846,-6.2174368643921305,Lung Neuroendocrine Tumor
CHRAC,-0.0764389056415917,0.26206692106594376,-2.81290220362125,0.004999652825530404,0.03583084524963456,-2.5497495271689226,Lung Neuroendocrine Tumor
DAXX-ATRX,-0.15870822136579063,0.25018074947967495,-3.8937203296526604,1.0484386467991882e-4,0.0022541430906182548,0.9380019948885723,Lung Neuroendocrine Tumor
DNMT1-UHRF1,-0.02820901068051083,0.7253934436802176,-0.6324679464908618,0.5272165286387742,0.7294268925493846,-6.190000053910583,Lung Neuroendocrine Tumor
Elongator,-0.14652202675897266,0.7476231388617897,-4.059864668100907,5.268514779718882e-5,0.0022541430906182548,1.5712397402635565,Lung Neuroendocrine Tumor
FACT,-0.0018932407829980328,0.9846571827461597,-0.28546668179920537,0.7753419685388713,0.8516751086980069,-6.3449269444594645,Lung Neuroendocrine Tumor
G9a/GLP,-0.04517713109487546,0.1813339326617885,-1.408674872828716,0.1592223921927278,0.31120740292214977,-5.420094394596772,Lung Neuroendocrine Tumor
HAT1 complex,-0.012511398956142724,0.5070069141011739,-0.7834475977462894,0.43353798745345085,0.6657904807320852,-6.086049124732074,Lung Neuroendocrine Tumor
HBO1,-0.006455595084375229,0.1272006936982836,-0.44058295811599246,0.6596040851369819,0.7878604350247284,-6.2901433404281075,Lung Neuroendocrine Tumor
HIRA,-0.05021234244984286,0.42351438993766954,-1.7308097893957721,0.08377453386458454,0.20988976841063894,-4.929253059311783,Lung Neuroendocrine Tumor
INO80,-0.004843871408705005,0.6562516235772355,-0.20787846190148657,0.8353635007814169,0.876112939843925,-6.363548029597033,Lung Neuroendocrine Tumor
LSD1-CoREST,0.02212966204370291,0.15410883043179746,1.1768253349934241,0.23952744908811482,0.42915334628287244,-5.71125443404292,Lung Neuroendocrine Tumor
MLL1/MLL2 (KMT2A/KMT2B),0.01669835171086824,0.4921214235772354,0.6929636928820003,0.4884829981547265,0.7001589640217747,-6.151007396361209,Lung Neuroendocrine Tumor
MLL3/MLL4 (KMT2C/KMT2D),-0.005938049716724128,0.3775775624299912,-0.278564738552271,0.7806328027758688,0.8516751086980069,-6.346820701087654,Lung Neuroendocrine Tumor
MOZ/MORF,0.020433429679233013,0.1292105213351399,1.1779405244050578,0.23908269526341744,0.42915334628287244,-5.70997860234226,Lung Neuroendocrine Tumor
MSL,-0.062229269813464314,0.3698017822041551,-3.5804570672736538,3.5841693427883563e-4,0.005137309391329978,-0.18594253731630594,Lung Neuroendocrine Tumor
Menin-MLL,0.022997330363537953,0.532817426829269,0.8760502615797066,0.381199706234564,0.6304456680033174,-6.0113360894951615,Lung Neuroendocrine Tumor
NSL,-0.0193332195900259,0.690279032429991,-1.6044505238858806,0.10891037153145726,0.23211631630544513,-5.133736708652515,Lung Neuroendocrine Tumor
NURF,-0.05347895334695484,0.430541240740741,-2.6315581541158237,0.008621922181241817,0.04119362819926646,-3.026676785556979,Lung Neuroendocrine Tumor
NoRC,-0.05926098740885033,0.2806835276856367,-1.823194006381285,0.06855345370441394,0.1842374068306125,-4.770002367544771,Lung Neuroendocrine Tumor
NuA4/TIP60,0.03553455436520413,0.7442379977416442,2.089366095778847,0.03691095087259609,0.12055143392781434,-4.265220033408646,Lung Neuroendocrine Tumor
NuRD (Mi-2/NuRD),-0.025779230212300303,0.23344356913279152,-2.4833478404436184,0.013167938005894508,0.05662213342534638,-3.393174202555406,Lung Neuroendocrine Tumor
PBAF,0.038702602475940776,0.3440632730803972,1.5845743186226968,0.11335913121893833,0.23211631630544513,-5.164498782285511,Lung Neuroendocrine Tumor
PCAF complex,0.05739854919568655,0.4083963325654916,2.6421051872694132,0.008359702115637037,0.04119362819926646,-2.9997967315582317,Lung Neuroendocrine Tumor
PR-DUB,-0.05854373507620919,0.19108004058717235,-2.7230332163658764,0.006573969555406232,0.04038295584035257,-2.7900159940698144,Lung Neuroendocrine Tumor
PRC1 (canonical and variant PCGF complexes),-0.0034821282573791867,0.0774263117434509,-0.5163892049194153,0.60568948265204,0.7660190515893447,-6.254858144796977,Lung Neuroendocrine Tumor
PRC2,0.005615265996685972,0.2068612206504066,0.40098899733678445,0.6885084175553192,0.8001584312129385,-6.306351382284614,Lung Neuroendocrine Tumor
Piccolo NuA4,-9.855564230471189e-4,0.7310030581752486,-0.031896769717796716,0.9745603346162129,0.9745603346162129,-6.384076054052847,Lung Neuroendocrine Tumor
RSF,-0.05209819060875064,0.25863721200632345,-1.682614780251055,0.09274199069307303,0.20988976841063894,-5.009063691963658,Lung Neuroendocrine Tumor
SAGA,-0.01996458610986242,0.3105263303613374,-0.8380915703186175,0.4021668030980874,0.6404878716006577,-6.042968732159869,Lung Neuroendocrine Tumor
SET1C/COMPASS,-0.02122734705031177,0.589783839656728,-0.8789036218660957,0.37965123631139885,0.6304456680033174,-6.008901727402477,Lung Neuroendocrine Tumor
SETDB1-ATF7IP/KAP1,-0.06731536783068344,0.2953410291228548,-1.9299497605957596,0.05387764648542279,0.154449253258212,-4.575734821929733,Lung Neuroendocrine Tumor
SRCAP,-0.0539170934698501,0.8039866308943082,-2.9083966389335645,0.0037080829026345653,0.03188951296265726,-2.2860262919655128,Lung Neuroendocrine Tumor
STAGA/TFTC,0.003729334615173518,0.252413731020777,0.26344824852066656,0.7922559150679134,0.8516751086980069,-6.35080649905117,Lung Neuroendocrine Tumor
SUV39H1/2-HP1,-0.0017105485962057878,0.10173277260252934,-0.15734664786363245,0.8750013938203541,0.8958347603398863,-6.372526369156632,Lung Neuroendocrine Tumor
WICH / B-WICH,-0.11757934224778727,0.3771652369105695,-2.9309598970625803,0.0034511293859981968,0.03188951296265726,-2.2224490274175226,Lung Neuroendocrine Tumor
mSin3A/HDAC,-0.021968418294911873,0.30224111428184264,-1.6956979699288157,0.09023449102090521,0.20988976841063894,-4.987619493476386,Lung Neuroendocrine Tumor
ncBAF (non-canonical BAF / bBAF),0.009090835791612134,0.35936621971996374,0.448960245616223,0.6535514200229772,0.7878604350247284,-6.286518619781203,Lung Neuroendocrine Tumor
Lineage,NA,NA,NA,NA,NA,NA,Mature B-Cell Neoplasms
ACF,0.06967382634026535,0.2940597214083108,2.943061191839973,0.0033201060496960534,0.005948523339038763,-2.9535978452741087,Mature B-Cell Neoplasms
ATAC,-0.04595969201074599,0.2862401943992777,-2.5744274698850487,0.010174392081835012,0.016203661463663168,-3.959245702032979,Mature B-Cell Neoplasms
BAF (canonical/cBAF),0.07079497302839505,0.28103164933152663,6.33035068859523,3.5944752873251957e-10,3.864060933874586e-9,12.339632467393555,Mature B-Cell Neoplasms
BCOR complex,0.054328487570173514,0.07688398925835595,6.779524245486949,1.9909374091441588e-11,2.8536769531066276e-10,15.158050387184241,Mature B-Cell Neoplasms
BRCA1-A,-0.052096266732877074,0.23973389480036114,-3.421862732976606,6.454947890544089e-4,0.0012616489058790718,-1.450356965269406,Mature B-Cell Neoplasms
CAF-1,0.0036096915000819263,0.9690249844625101,0.5160993887681791,0.605891804386034,0.6354475021609625,-7.116898055309989,Mature B-Cell Neoplasms
CHRAC,0.022017513185800315,0.26206692106594376,1.1555418591161106,0.24812705667609591,0.2804788758519408,-6.584986040826092,Mature B-Cell Neoplasms
DAXX-ATRX,0.1253963032223895,0.25018074947967495,4.387602831579156,1.2596466478250575e-5,3.868914704034105e-5,2.2515427717302714,Mature B-Cell Neoplasms
DNMT1-UHRF1,0.05336954895269726,0.7253934436802176,1.7065595289242776,0.08819466319772969,0.11492031871219323,-5.801184924512626,Mature B-Cell Neoplasms
Elongator,-0.03388427541281842,0.7476231388617897,-1.3390108227738695,0.18085207485979368,0.22218969197060368,-6.357403526625599,Mature B-Cell Neoplasms
FACT,0.005498944395238,0.9846571827461597,1.182513611671588,0.23726510662131337,0.2804788758519408,-6.55362232685692,Mature B-Cell Neoplasms
G9a/GLP,-0.015206981301301324,0.1813339326617885,-0.6762579384949775,0.49902331562705726,0.5364500642990865,-7.021830757321538,Mature B-Cell Neoplasms
HAT1 complex,0.03220062375492661,0.5070069141011739,2.8757134553109864,0.004111219971343709,0.007071298350711179,-3.147206981147299,Mature B-Cell Neoplasms
HBO1,0.04453744832791381,0.1272006936982836,4.335048776596763,1.5949199663850577e-5,4.5721039036371654e-5,2.0272890343596988,Mature B-Cell Neoplasms
HIRA,4.950400098195357e-4,0.42351438993766954,0.024336403985333932,0.980588821820439,0.980588821820439,-7.249230900958645,Mature B-Cell Neoplasms
INO80,0.018631665833321293,0.6562516235772355,1.140370096528155,0.2543878176331556,0.2804788758519408,-6.6023111254533475,Mature B-Cell Neoplasms
LSD1-CoREST,0.0626976841816016,0.15410883043179746,4.755169173790141,2.2542986947400585e-6,9.69348438738225e-6,3.892754800883976,Mature B-Cell Neoplasms
MLL1/MLL2 (KMT2A/KMT2B),0.06457350358704078,0.4921214235772354,3.821804539469999,1.40127775180243e-4,3.5444084310296757e-4,-0.025295891019084138,Mature B-Cell Neoplasms
MLL3/MLL4 (KMT2C/KMT2D),0.05525856384331307,0.3775775624299912,3.697082570076218,2.2917642049276416e-4,5.474770045104921e-4,-0.48616664695382816,Mature B-Cell Neoplasms
MOZ/MORF,0.039377580300715115,0.1292105213351399,3.2374894797571114,0.001242960660899852,0.002323796018204071,-2.055473846989292,Mature B-Cell Neoplasms
MSL,0.014214192287849134,0.3698017822041551,1.1663884119790513,0.2437178006484318,0.2804788758519408,-6.572460058279692,Mature B-Cell Neoplasms
Menin-MLL,0.07752240226785333,0.532817426829269,4.211686788281391,2.7483625331060504e-5,7.38622430772251e-5,1.511091233704267,Mature B-Cell Neoplasms
NSL,-0.02945708094086971,0.690279032429991,-3.486495414341598,5.092850748911804e-4,0.0010428218200152742,-1.2304633021494595,Mature B-Cell Neoplasms
NURF,0.031314256193383065,0.430541240740741,2.197603903617702,0.028191447872715894,0.03910426640408979,-4.849940524227149,Mature B-Cell Neoplasms
NoRC,0.11533819245278222,0.2806835276856367,5.060744206870431,4.914625455461563e-7,2.64161118231059e-6,5.353339370849534,Mature B-Cell Neoplasms
NuA4/TIP60,0.0024371715790877714,0.7442379977416442,0.20437464674710235,0.8380996758370556,0.8580544300236521,-7.228725628879874,Mature B-Cell Neoplasms
NuRD (Mi-2/NuRD),0.04362853351659289,0.23344356913279152,5.9939824934376205,2.796930821020758e-9,2.4053605060778516e-8,10.346481204231802,Mature B-Cell Neoplasms
PBAF,0.08571677738682279,0.3440632730803972,5.005131858343639,6.52526426094073e-7,3.1176262580050155e-6,5.081060850595913,Mature B-Cell Neoplasms
PCAF complex,0.06728889959437329,0.4083963325654916,4.417431860380353,1.1004947504119913e-5,3.640098020593509e-5,2.37999517917409,Mature B-Cell Neoplasms
PR-DUB,0.055379065162533866,0.19108004058717235,3.673629696128952,2.5099103962187896e-4,5.680323528284628e-4,-0.5711653256722817,Mature B-Cell Neoplasms
PRC1 (canonical and variant PCGF complexes),0.011435233224797252,0.0774263117434509,2.4185477296540734,0.01574896671015628,0.02418591316202572,-4.344571411960944,Mature B-Cell Neoplasms
PRC2,0.08180120636723023,0.2068612206504066,8.331037237266399,2.436749826715962e-16,5.239012127439318e-15,26.23237236552761,Mature B-Cell Neoplasms
Piccolo NuA4,-0.037470910409914016,0.7310030581752486,-1.729564250419783,0.08399709882971748,0.11287110155243286,-5.761929160258568,Mature B-Cell Neoplasms
RSF,0.09761679258871649,0.25863721200632345,4.496388595704188,7.666989922804999e-6,2.9970960607328632e-5,2.724052821298166,Mature B-Cell Neoplasms
SAGA,0.16021782165749235,0.3105263303613374,9.59222215940009,5.8564819837725366e-21,2.518287253022191e-19,36.694518963950046,Mature B-Cell Neoplasms
SET1C/COMPASS,0.023301572743308997,0.589783839656728,1.3759669839928337,0.16912032403520122,0.21388746863275448,-6.307523934396258,Mature B-Cell Neoplasms
SETDB1-ATF7IP/KAP1,0.136207046564251,0.2953410291228548,5.569402446421357,3.2335685072277885e-8,2.3173907635132485e-7,7.9761520185301045,Mature B-Cell Neoplasms
SRCAP,0.030022757515140247,0.8039866308943082,2.309696864778732,0.021094959284970065,0.03127873273288665,-4.599534228335132,Mature B-Cell Neoplasms
STAGA/TFTC,0.05085774271554871,0.252413731020777,5.123872192750149,3.5503196603211733e-7,2.1809106484830064e-6,5.6659205928749845,Mature B-Cell Neoplasms
SUV39H1/2-HP1,0.02016773527199316,0.10173277260252934,2.6457966049170563,0.008269600581373356,0.013676647115348241,-3.7748926010846673,Mature B-Cell Neoplasms
WICH / B-WICH,0.062077670712812984,0.3771652369105695,2.2069449861854986,0.02753003134327776,0.03910426640408979,-4.82954459981626,Mature B-Cell Neoplasms
mSin3A/HDAC,0.040250623196645595,0.30224111428184264,4.430977701545946,1.034722727070254e-5,3.640098020593509e-5,2.438622515696336,Mature B-Cell Neoplasms
ncBAF (non-canonical BAF / bBAF),0.0497669057212559,0.35936621971996374,3.505273887208482,4.7506292714110255e-4,0.0010213852933533705,-1.1658294811217251,Mature B-Cell Neoplasms
Lineage,NA,NA,NA,NA,NA,NA,Mature T and NK Neoplasms
ACF,0.05732868199270432,0.2940597214083108,0.9589528477418967,0.3377995411149092,0.6425452317548777,-5.914036604591034,Mature T and NK Neoplasms
ATAC,-0.08726350762050217,0.2862401943992777,-1.9356725108470862,0.05317150403037887,0.20785224302784466,-4.543601008359856,Mature T and NK Neoplasms
BAF (canonical/cBAF),0.019249918211321822,0.28103164933152663,0.6816318942680049,0.4956195000089938,0.8524655400154694,-6.134920194419866,Mature T and NK Neoplasms
BCOR complex,-0.004201874679826524,0.07688398925835595,-0.2076396864097378,0.8355498920702438,0.9028201015906504,-6.339645228687121,Mature T and NK Neoplasms
BRCA1-A,-0.036529265104828325,0.23973389480036114,-0.9501508961014552,0.34225055069330745,0.6425452317548777,-5.9221930119757795,Mature T and NK Neoplasms
CAF-1,-0.005200434109674599,0.9690249844625101,-0.29444116113140967,0.7684780251111453,0.9028201015906504,-6.318474045106645,Mature T and NK Neoplasms
CHRAC,0.10585762397848318,0.26206692106594376,2.2000635438491742,0.028015970842827337,0.13385408291573062,-4.014574303523094,Mature T and NK Neoplasms
DAXX-ATRX,-0.11345631985078126,0.25018074947967495,-1.5720520915173872,0.1162346661077482,0.3570064744737981,-5.161398203388527,Mature T and NK Neoplasms
DNMT1-UHRF1,-0.18588848087657084,0.7253934436802176,-2.353835202449789,0.018761265632060913,0.12101612653216177,-3.6760702058381014,Mature T and NK Neoplasms
Elongator,-0.015778762668916126,0.7476231388617897,-0.24691899109013643,0.8050183740679668,0.9028201015906504,-6.330971540359925,Mature T and NK Neoplasms
FACT,-0.002335720238908338,0.9846571827461597,-0.19890390514982526,0.8423757653657564,0.9028201015906504,-6.341370522683292,Mature T and NK Neoplasms
G9a/GLP,0.1173182391328449,0.1813339326617885,2.066001182913503,0.03906909573838222,0.16799711167504355,-4.291207074238732,Mature T and NK Neoplasms
HAT1 complex,0.0696971977183412,0.5070069141011739,2.4648602866782245,0.013863133561668765,0.12101612653216177,-3.4176065856523037,Mature T and NK Neoplasms
HBO1,-0.06960733505623266,0.1272006936982836,-2.682991701828813,0.007409381332936616,0.12101612653216177,-2.875546964288715,Mature T and NK Neoplasms
HIRA,-0.20406453720359527,0.42351438993766954,-3.9726409011282255,7.584755729241181e-5,0.003261444963573708,1.2487540828075678,Mature T and NK Neoplasms
INO80,0.015128170711369855,0.6562516235772355,0.3666707073160506,0.7139372916165665,0.9028201015906504,-6.295277924730494,Mature T and NK Neoplasms
LSD1-CoREST,0.05759091484623573,0.15410883043179746,1.7296734355154042,0.08397756943189266,0.277771960428568,-4.90923266782843,Mature T and NK Neoplasms
MLL1/MLL2 (KMT2A/KMT2B),-0.09498792812027641,0.4921214235772354,-2.2262718851179724,0.026203993652756486,0.13385408291573062,-3.9584811550946988,Mature T and NK Neoplasms
MLL3/MLL4 (KMT2C/KMT2D),-0.043134362559125776,0.3775775624299912,-1.1428220379799174,0.2533686141034124,0.6116208270090229,-5.726493434587016,Mature T and NK Neoplasms
MOZ/MORF,-0.07371277440660191,0.1292105213351399,-2.399925515971215,0.016568806724093135,0.12101612653216177,-3.5702027081708203,Mature T and NK Neoplasms
MSL,-0.010436147346297454,0.3698017822041551,-0.33912271295137486,0.7345839490052398,0.9028201015906504,-6.30472260654344,Mature T and NK Neoplasms
Menin-MLL,-0.12161432151263486,0.532817426829269,-2.6164306683937246,0.009010876703789973,0.12101612653216177,-3.0457610572019553,Mature T and NK Neoplasms
NSL,-0.004387610209162908,0.690279032429991,-0.20564733896436066,0.8371055797508306,0.9028201015906504,-6.340045238383051,Mature T and NK Neoplasms
NURF,-0.002708788257836732,0.430541240740741,-0.07527972800562822,0.9400062489078994,0.9623811713319528,-6.357837238891454,Mature T and NK Neoplasms
NoRC,0.010092493641806316,0.2806835276856367,0.17536196196008094,0.860828468958527,0.9028201015906504,-6.345650870270078,Mature T and NK Neoplasms
NuA4/TIP60,-0.013935758298961067,0.7442379977416442,-0.4627721185117232,0.6436219810288274,0.9028201015906504,-6.256559759598486,Mature T and NK Neoplasms
NuRD (Mi-2/NuRD),0.006354517480007379,0.23344356913279152,0.34571888142281576,0.7296220650026772,0.9028201015906504,-6.302528268867001,Mature T and NK Neoplasms
PBAF,0.04914747708194456,0.3440632730803972,1.1364401867503109,0.2560273229340096,0.6116208270090229,-5.733551233936492,Mature T and NK Neoplasms
PCAF complex,0.045085301240714665,0.4083963325654916,1.172079511731999,0.24142653033532543,0.6116208270090229,-5.693632456118232,Mature T and NK Neoplasms
PR-DUB,-0.015042265197222324,0.19108004058717235,-0.3951469767094509,0.6928133307787865,0.9028201015906504,-6.284740245761322,Mature T and NK Neoplasms
PRC1 (canonical and variant PCGF complexes),-0.0030688078727638176,0.0774263117434509,-0.2570247830276955,0.7972091388261141,0.9028201015906504,-6.3284975595725825,Mature T and NK Neoplasms
PRC2,-0.013325610523013853,0.2068612206504066,-0.5374303004910724,0.5910823506281101,0.9028201015906504,-6.220291098265657,Mature T and NK Neoplasms
Piccolo NuA4,0.056063546907158826,0.7310030581752486,1.0247518023728408,0.30571236588564804,0.6425452317548777,-5.850685294424977,Mature T and NK Neoplasms
RSF,-0.0025863847222591992,0.25863721200632345,-0.04717675831304677,0.9623811713319528,0.9623811713319528,-6.359509114603829,Mature T and NK Neoplasms
SAGA,0.09851012013310186,0.3105263303613374,2.335527149932475,0.019700299668026333,0.12101612653216177,-3.717559135113348,Mature T and NK Neoplasms
SET1C/COMPASS,-0.04943668152498356,0.589783839656728,-1.1560264070579558,0.2479288986521665,0.6116208270090229,-5.71176532697821,Mature T and NK Neoplasms
SETDB1-ATF7IP/KAP1,-0.11509966931379786,0.2953410291228548,-1.8637118505428716,0.06263644849695497,0.22444727378075532,-4.675965478371918,Mature T and NK Neoplasms
SRCAP,0.016669784954164574,0.8039866308943082,0.5078436999264573,0.6116678260291644,0.9028201015906504,-6.235311505390247,Mature T and NK Neoplasms
STAGA/TFTC,0.023018826008231554,0.252413731020777,0.9183749809191608,0.35862989679342006,0.6425452317548777,-5.951013694472295,Mature T and NK Neoplasms
SUV39H1/2-HP1,-0.011359437301177664,0.10173277260252934,-0.5901355903753087,0.5552245616860532,0.9028201015906504,-6.191428568474271,Mature T and NK Neoplasms
WICH / B-WICH,0.027438614200617932,0.3771652369105695,0.38629041615552856,0.6993585422887943,0.9028201015906504,-6.288102008158907,Mature T and NK Neoplasms
mSin3A/HDAC,0.024822491367377054,0.30224111428184264,1.0821014763052443,0.27945165128227917,0.632443210796737,-5.79204826904096,Mature T and NK Neoplasms
ncBAF (non-canonical BAF / bBAF),0.03339714011149959,0.35936621971996374,0.931507299794459,0.35180173365964296,0.6425452317548777,-5.939221327088953,Mature T and NK Neoplasms
Lineage,NA,NA,NA,NA,NA,NA,Melanoma
ACF,0.0213626287976733,0.2940597214083108,0.9771080276963364,0.3287369499424484,0.5048460302687601,-6.302078265483853,Melanoma
ATAC,-0.020660229787411773,0.2862401943992777,-1.2531323904806158,0.21043181727539814,0.3619427257136848,-5.998302629207059,Melanoma
BAF (canonical/cBAF),-0.005037447493993229,0.28103164933152663,-0.48774647399977683,0.625829521076336,0.7153439098432551,-6.656036779745617,Melanoma
BCOR complex,-0.020302996933102852,0.07688398925835595,-2.743405526355487,0.006182326535284959,0.04430667350287554,-3.068384935731156,Melanoma
BRCA1-A,0.05077993816947091,0.23973389480036114,3.6116562318424825,3.183903310296539e-4,0.005904888292060486,-0.3686387516574774,Melanoma
CAF-1,-0.003708428066718803,0.9690249844625101,-0.5741314985289884,0.5659996898927531,0.7153439098432551,-6.610729328198141,Melanoma
CHRAC,0.027274998928428603,0.26206692106594376,1.5500311154164939,0.12143031735061977,0.24864303076555475,-5.587897387935211,Melanoma
DAXX-ATRX,0.06861887485125724,0.25018074947967495,2.5998268477991577,0.009455786793637913,0.04993403553007677,-3.4448614893546847,Melanoma
DNMT1-UHRF1,0.022396614497472694,0.7253934436802176,0.7754763212365299,0.4382299292178602,0.5888714673864996,-6.4765362877454695,Melanoma
Elongator,0.07300171861248123,0.7476231388617897,3.1237568797068715,0.0018336721414341146,0.01971197552041673,-1.9748299168625207,Melanoma
FACT,-3.607069334845706e-4,0.9846571827461597,-0.08399231813404012,0.9330782768128416,0.9330782768128416,-6.7700716536382135,Melanoma
G9a/GLP,0.05769611356283218,0.1813339326617885,2.7782682839252453,0.005560716583277582,0.04430667350287554,-2.9739641976034084,Melanoma
HAT1 complex,-0.036642832712128516,0.5070069141011739,-3.5434688706417425,4.119689506088711e-4,0.005904888292060486,-0.6067847954012944,Melanoma
HBO1,0.03747902975155761,0.1272006936982836,3.9501651511659452,8.321996262617843e-5,0.003578458392925672,0.879070202937478,Melanoma
HIRA,0.02482489644993561,0.42351438993766954,1.3214836920225865,0.1866231590995994,0.33436649338678226,-5.911496517510131,Melanoma
INO80,0.030421821293823634,0.6562516235772355,2.0162185304690334,0.04402712149397089,0.11832288901504676,-4.769025499356479,Melanoma
LSD1-CoREST,-0.01974220478945782,0.15410883043179746,-1.621318663433101,0.10524449114462166,0.23818490101151216,-5.476468847335421,Melanoma
MLL1/MLL2 (KMT2A/KMT2B),-0.004728875826865727,0.4921214235772354,-0.3030611650328034,0.7619022711622381,0.8190449414994059,-6.72818219293684,Melanoma
MLL3/MLL4 (KMT2C/KMT2D),0.00700729336915939,0.3775775624299912,0.5076543521109317,0.611800587027643,0.7153439098432551,-6.646248751046526,Melanoma
MOZ/MORF,0.017072270132986657,0.1292105213351399,1.5198784977255564,0.12883745977522754,0.25181867137885383,-5.633527807886253,Melanoma
MSL,0.019055605720684557,0.3698017822041551,1.6931756933509396,0.09071362149090624,0.21670476245049825,-5.3591061455926665,Melanoma
Menin-MLL,0.0036150767218025414,0.532817426829269,0.2126692109825815,0.8316255683190134,0.8514261770885136,-6.751212396923154,Melanoma
NSL,-0.008758613048624379,0.690279032429991,-1.122517155389645,0.26189485504257026,0.4331337987242508,-6.151399877210874,Melanoma
NURF,0.03375459019957117,0.430541240740741,2.5650652325305208,0.010451309762109092,0.04993403553007677,-3.5330062045518136,Melanoma
NoRC,0.04130053009138746,0.2806835276856367,1.9622535725366874,0.04999232980558856,0.12645118715531226,-4.874701063908125,Melanoma
NuA4/TIP60,0.006982478923463243,0.7442379977416442,0.6340285359464601,0.526197953515001,0.685651878822577,-6.574989472261393,Melanoma
NuRD (Mi-2/NuRD),-0.005703449280094554,0.23344356913279152,-0.8484782139563434,0.3963617878055715,0.549792157278696,-6.4180021612485145,Melanoma
PBAF,-0.03443673312373461,0.3440632730803972,-2.1773582451328526,0.029672201539206307,0.11322128122219102,-4.436556657385596,Melanoma
PCAF complex,-0.02979822034647159,0.4083963325654916,-2.118239280152648,0.034385282682463936,0.11322128122219102,-4.561475413948575,Melanoma
PR-DUB,0.02990569668865308,0.19108004058717235,2.148136814203735,0.03192729223788724,0.11322128122219102,-4.498727734169206,Melanoma
PRC1 (canonical and variant PCGF complexes),-0.0019373211836485127,0.0774263117434509,-0.4436796607738534,0.6573640544157895,0.7247860087148449,-6.67631099664215,Melanoma
PRC2,-0.021551909294400793,0.2068612206504066,-2.3767492999044895,0.017641356280788258,0.0758578320073895,-3.990131069774846,Melanoma
Piccolo NuA4,0.04082555377829085,0.7310030581752486,2.040482132922894,0.04154787371365063,0.11832288901504676,-4.7205847986969,Melanoma
RSF,0.031173997900420154,0.25863721200632345,1.5548556013533315,0.12027673693816644,0.24864303076555475,-5.580513607109071,Melanoma
SAGA,-0.008154114214368116,0.3105263303613374,-0.5286198330031106,0.5971790343208816,0.7153439098432551,-6.635517695837062,Melanoma
SET1C/COMPASS,0.04164094400286474,0.589783839656728,2.662573478933736,0.007871118442402484,0.048351156146186694,-3.28279058290402,Melanoma
SETDB1-ATF7IP/KAP1,0.024731603722059306,0.2953410291228548,1.0950137214254605,0.2737575126948253,0.43598418688435137,-6.181496883896807,Melanoma
SRCAP,0.017484246293807598,0.8039866308943082,1.4564969474880385,0.14554921799322523,0.27211375537863847,-5.726534150762277,Melanoma
STAGA/TFTC,-0.00837891673931126,0.252413731020777,-0.9140865943822098,0.36087761975624066,0.5350944017075293,-6.360912468043129,Melanoma
SUV39H1/2-HP1,-0.0033706610193248252,0.10173277260252934,-0.478820414584651,0.6321643854428767,0.7153439098432551,-6.660298347329662,Melanoma
WICH / B-WICH,0.05428895413545546,0.3771652369105695,2.089901542824937,0.03686274272350405,0.11322128122219102,-4.620144485478422,Melanoma
mSin3A/HDAC,-0.0018012738492230928,0.30224111428184264,-0.2147162712129972,0.8300295183695017,0.8514261770885136,-6.750780181426355,Melanoma
ncBAF (non-canonical BAF / bBAF),-0.01136243844965827,0.35936621971996374,-0.8665849034338505,0.38636413588107343,0.549792157278696,-6.40267042815817,Melanoma
Lineage,NA,NA,NA,NA,NA,NA,Myeloproliferative Neoplasms
ACF,0.046032863610997024,0.2940597214083108,0.8591440542260258,0.3904538401011949,0.9094568410017612,-5.790935307676055,Myeloproliferative Neoplasms
ATAC,-0.019978560827819205,0.2862401943992777,-0.4944656393769525,0.6210790616802649,0.9094568410017612,-6.026704288557198,Myeloproliferative Neoplasms
BAF (canonical/cBAF),0.021133913491809594,0.28103164933152663,0.8349753235550378,0.403918311023747,0.9094568410017612,-5.810487058532466,Myeloproliferative Neoplasms
BCOR complex,0.011885175089685672,0.07688398925835595,0.6553081262315248,0.5124104837522616,0.9094568410017612,-5.93836340633536,Myeloproliferative Neoplasms
BRCA1-A,-0.031014100512145374,0.23973389480036114,-0.900085028217751,0.36827791330392523,0.9094568410017612,-5.756544405630641,Myeloproliferative Neoplasms
CAF-1,-8.854565486987795e-4,0.9690249844625101,-0.05593696236410063,0.9554024856014605,0.9875817416242048,-6.1420277795285445,Myeloproliferative Neoplasms
CHRAC,0.040107925210190555,0.26206692106594376,0.9300707361320344,0.3525446398686257,0.9094568410017612,-5.730342166149687,Myeloproliferative Neoplasms
DAXX-ATRX,0.017390039712633427,0.25018074947967495,0.2688509124719727,0.7880963396390571,0.9875817416242048,-6.108984752495668,Myeloproliferative Neoplasms
DNMT1-UHRF1,-0.1474872482643757,0.7253934436802176,-2.0837746428361155,0.03741796588797759,0.4452488207813411,-4.073037556525044,Myeloproliferative Neoplasms
Elongator,-0.11693783603476998,0.7476231388617897,-2.0417816828251087,0.041418494956403824,0.4452488207813411,-4.1554790121329646,Myeloproliferative Neoplasms
FACT,0.009028276102555063,0.9846571827461597,0.8578276070820932,0.3911800863373879,0.9094568410017612,-5.792014661670787,Myeloproliferative Neoplasms
G9a/GLP,-0.0766072972504477,0.1813339326617885,-1.505247349217386,0.13255618146153858,0.8987007168440565,-5.062022840241836,Myeloproliferative Neoplasms
HAT1 complex,0.01502979924273153,0.5070069141011739,0.5930657868928281,0.5532626678799548,0.9094568410017612,-5.975479000179005,Myeloproliferative Neoplasms
HBO1,0.0043735066559624945,0.1272006936982836,0.18809048010116677,0.8508414472147601,0.9875817416242048,-6.126617836107696,Myeloproliferative Neoplasms
HIRA,-0.06758478665847321,0.42351438993766954,-1.4680248898245605,0.14239190933556553,0.8987007168440565,-5.114793568339617,Myeloproliferative Neoplasms
INO80,-0.04150659099594703,0.6562516235772355,-1.1224824665130653,0.26190964680289525,0.9094568410017612,-5.541818223743828,Myeloproliferative Neoplasms
LSD1-CoREST,0.10137375986208941,0.15410883043179746,3.397100483410384,7.061391163254364e-4,0.030363982001993767,-0.6599084876270442,Myeloproliferative Neoplasms
MLL1/MLL2 (KMT2A/KMT2B),0.0022277048065527734,0.4921214235772354,0.058255928614194444,0.9535556697021631,0.9875817416242048,-6.141901240316776,Myeloproliferative Neoplasms
MLL3/MLL4 (KMT2C/KMT2D),0.023601888294532823,0.3775775624299912,0.6977095596204415,0.48551071607007246,0.9094568410017612,-5.91096143558281,Myeloproliferative Neoplasms
MOZ/MORF,0.029142688972666322,0.1292105213351399,1.0586620072643957,0.2899930877623153,0.9094568410017612,-5.608258402538217,Myeloproliferative Neoplasms
MSL,-0.035855784297516825,0.3698017822041551,-1.3000157170511477,0.1938760451424522,0.9053625990513494,-5.3366034815798296,Myeloproliferative Neoplasms
Menin-MLL,-0.004807706634585986,0.532817426829269,-0.11540780199864,0.9081435901942481,0.9875817416242048,-6.137158515056594,Myeloproliferative Neoplasms
NSL,0.0010228502786420565,0.690279032429991,0.05349089005498842,0.9573507905852837,0.9875817416242048,-6.142155684587989,Myeloproliferative Neoplasms
NURF,-0.015335729977348896,0.430541240740741,-0.4755324266371931,0.6345047727919264,0.9094568410017612,-6.035478075814412,Myeloproliferative Neoplasms
NoRC,0.03252770678326975,0.2806835276856367,0.6306132017353548,0.5284283813384776,0.9094568410017612,-5.953531720384071,Myeloproliferative Neoplasms
NuA4/TIP60,0.03381236682299017,0.7442379977416442,1.2528089651210645,0.2105494416398487,0.9053625990513494,-5.394097791396626,Myeloproliferative Neoplasms
NuRD (Mi-2/NuRD),0.041425980309275676,0.23344356913279152,2.514699037429342,0.012059381592217684,0.2592767042326802,-3.1310476316986,Myeloproliferative Neoplasms
PBAF,0.027233659008773923,0.3440632730803972,0.7026257308624533,0.4824421404670284,0.9094568410017612,-5.907673353618061,Myeloproliferative Neoplasms
PCAF complex,-0.04344905153977308,0.4083963325654916,-1.2603033767530034,0.2078352415864218,0.9053625990513494,-5.385111684557813,Myeloproliferative Neoplasms
PR-DUB,-0.010822965633807729,0.19108004058717235,-0.3172228060993924,0.7511365503645439,0.9875817416242048,-6.095439081818784,Myeloproliferative Neoplasms
PRC1 (canonical and variant PCGF complexes),-0.0014159403849589311,0.0774263117434509,-0.1323192318356169,0.8947567153123893,0.9875817416242048,-6.13515663193595,Myeloproliferative Neoplasms
PRC2,0.013938563989181302,0.2068612206504066,0.627228475480639,0.5306435183367632,0.9094568410017612,-5.955565388908578,Myeloproliferative Neoplasms
Piccolo NuA4,-0.002159350044060616,0.7310030581752486,-0.0440386372070372,0.96488183806884,0.9875817416242048,-6.142596200970527,Myeloproliferative Neoplasms
RSF,7.649484753018698e-4,0.25863721200632345,0.015568252020322295,0.9875817416242048,0.9875817416242048,-6.143407127033358,Myeloproliferative Neoplasms
SAGA,0.001865051316028727,0.3105263303613374,0.04933641151939246,0.960660427630377,0.9875817416242048,-6.142359818489127,Myeloproliferative Neoplasms
SET1C/COMPASS,-0.055719679207910426,0.589783839656728,-1.4537835559269219,0.14630011669554407,0.8987007168440565,-5.134635687522766,Myeloproliferative Neoplasms
SETDB1-ATF7IP/KAP1,0.05360838128376307,0.2953410291228548,0.9685233272127025,0.3330023564513934,0.9094568410017612,-5.695487042872859,Myeloproliferative Neoplasms
SRCAP,-0.0030106979726646508,0.8039866308943082,-0.10233871573595459,0.9185070374022691,0.9875817416242048,-6.138518340956604,Myeloproliferative Neoplasms
STAGA/TFTC,-0.012135423174695235,0.252413731020777,-0.5402123387426874,0.5891632092912984,0.9094568410017612,-6.004092108019403,Myeloproliferative Neoplasms
SUV39H1/2-HP1,-0.01117889192678742,0.10173277260252934,-0.6479872291754049,0.5171324595594755,0.9094568410017612,-5.9429208211383004,Myeloproliferative Neoplasms
WICH / B-WICH,-0.03294985786279667,0.3771652369105695,-0.5175806197493704,0.604858094396173,0.9094568410017612,-6.015528531896601,Myeloproliferative Neoplasms
mSin3A/HDAC,-0.006261381852135111,0.30224111428184264,-0.30455484443783165,0.7607645378316533,0.9875817416242048,-6.099202597352299,Myeloproliferative Neoplasms
ncBAF (non-canonical BAF / bBAF),0.018260830538328804,0.35936621971996374,0.5682902576927967,0.5699573582855572,0.9094568410017612,-5.989223727895388,Myeloproliferative Neoplasms
Lineage,NA,NA,NA,NA,NA,NA,Nerve Sheath Tumor
ACF,-0.005784380086563813,0.2940597214083108,-0.08396507018506615,0.9330999394519007,0.9553166046769459,-5.6768983389731025,Nerve Sheath Tumor
ATAC,-0.06725979073025815,0.2862401943992777,-1.2947063129046972,0.19570140730236119,0.7169449394095282,-4.937559803948109,Nerve Sheath Tumor
BAF (canonical/cBAF),0.008607291930834053,0.28103164933152663,0.2644868503683879,0.7914558191944665,0.8508150056340514,-5.649013553646379,Nerve Sheath Tumor
BCOR complex,-0.03150106844202162,0.07688398925835595,-1.3508561060778144,0.17702759675872431,0.7169449394095282,-4.8718264211507805,Nerve Sheath Tumor
BRCA1-A,0.09628829637078155,0.23973389480036114,2.1734101305021816,0.029968639650807948,0.7169449394095282,-3.591076581362413,Nerve Sheath Tumor
CAF-1,0.013848648817155149,0.9690249844625101,0.680429075056414,0.49638026270559377,0.7169449394095282,-5.47482574561591,Nerve Sheath Tumor
CHRAC,0.05339194403945901,0.26206692106594376,0.9629535842787991,0.33578879712181653,0.7169449394095282,-5.269145587393584,Nerve Sheath Tumor
DAXX-ATRX,0.02857258174677975,0.25018074947967495,0.34356131897169573,0.7312438418221399,0.847953649143697,-5.627700575223125,Nerve Sheath Tumor
DNMT1-UHRF1,0.15622854245269793,0.7253934436802176,1.7167240583204906,0.08631955940896116,0.7169449394095282,-4.375516776477509,Nerve Sheath Tumor
Elongator,0.05956344269693763,0.7476231388617897,0.8088684172919148,0.4187709923642179,0.7169449394095282,-5.390075881978518,Nerve Sheath Tumor
FACT,0.00928956390743356,0.9846571827461597,0.6864902127098557,0.492553017705768,0.7169449394095282,-5.471154632860645,Nerve Sheath Tumor
G9a/GLP,0.08746169564565001,0.1813339326617885,1.336593854485638,0.18163991738373977,0.7169449394095282,-4.888786325918114,Nerve Sheath Tumor
HAT1 complex,-0.015831951001170737,0.5070069141011739,-0.4858788163534057,0.6271527415100566,0.8171990268161343,-5.575379656954686,Nerve Sheath Tumor
HBO1,-0.007023894129403343,0.1272006936982836,-0.23494100191353212,0.8142995525240981,0.8540214819155176,-5.655554690381874,Nerve Sheath Tumor
HIRA,0.05267279410738053,0.42351438993766954,0.8898456155893136,0.37374918863163353,0.7169449394095282,-5.329140733531731,Nerve Sheath Tumor
INO80,0.09017511095527253,0.6562516235772355,1.8966754471566705,0.058140415807291804,0.7169449394095282,-4.088238375445771,Nerve Sheath Tumor
LSD1-CoREST,-0.01579418480620325,0.15410883043179746,-0.4116459913166745,0.6806815153852683,0.847953649143697,-5.604909607222743,Nerve Sheath Tumor
MLL1/MLL2 (KMT2A/KMT2B),0.034349714562650624,0.4921214235772354,0.6986335803473609,0.48493315469354414,0.7169449394095282,-5.463701742849799,Nerve Sheath Tumor
MLL3/MLL4 (KMT2C/KMT2D),0.021823842196971914,0.3775775624299912,0.5017680128441915,0.6159341387633746,0.8171990268161343,-5.5684245079759656,Nerve Sheath Tumor
MOZ/MORF,-0.036196230485870215,0.1292105213351399,-1.0226685203699748,0.306696160600352,0.7169449394095282,-5.216635238389253,Nerve Sheath Tumor
MSL,0.012916821556141808,0.3698017822041551,0.36424103613157416,0.7157501185258871,0.847953649143697,-5.621212562479056,Nerve Sheath Tumor
Menin-MLL,0.04391571141419475,0.532817426829269,0.8199001568026916,0.41245597177557203,0.7169449394095282,-5.382115840917109,Nerve Sheath Tumor
NSL,0.030945333693276452,0.690279032429991,1.2586551674640833,0.20842991725100313,0.7169449394095282,-4.978298373656171,Nerve Sheath Tumor
NURF,0.04502820046167555,0.430541240740741,1.085935700833217,0.277752491153918,0.7169449394095282,-5.157563161346333,Nerve Sheath Tumor
NoRC,-0.04498013611429111,0.2806835276856367,-0.6782256550673326,0.4977755498693056,0.7169449394095282,-5.476152220575339,Nerve Sheath Tumor
NuA4/TIP60,0.0381147819449416,0.7442379977416442,1.0983646742104032,0.27229280655634486,0.7169449394095282,-5.1455427599328525,Nerve Sheath Tumor
NuRD (Mi-2/NuRD),0.02243705504098304,0.23344356913279152,1.0593096068659125,0.2896982678629501,0.7169449394095282,-5.1828547636446345,Nerve Sheath Tumor
PBAF,-0.03485801962537235,0.3440632730803972,-0.699462766372115,0.484415187428049,0.7169449394095282,-5.463188077740757,Nerve Sheath Tumor
PCAF complex,-0.06587022022269984,0.4083963325654916,-1.486030595736769,0.13756616000371982,0.7169449394095282,-4.702183327915948,Nerve Sheath Tumor
PR-DUB,0.06688753747350946,0.19108004058717235,1.524779929647017,0.12761005923735982,0.7169449394095282,-4.650585190782246,Nerve Sheath Tumor
PRC1 (canonical and variant PCGF complexes),-0.013362962628861367,0.0774263117434509,-0.9712355994053581,0.3316508334515931,0.7169449394095282,-5.262051098177191,Nerve Sheath Tumor
PRC2,-0.008554344791306468,0.2068612206504066,-0.29939071042953636,0.7647001896331029,0.847953649143697,-5.640289178490649,Nerve Sheath Tumor
Piccolo NuA4,0.08794953288276892,0.7310030581752486,1.3950449291865397,0.16329233639868823,0.7169449394095282,-4.818141040567783,Nerve Sheath Tumor
RSF,-0.035063954953966366,0.25863721200632345,-0.5550248219937967,0.5789939076966026,0.8031205816436747,-5.543481400920507,Nerve Sheath Tumor
SAGA,-0.08812010883031264,0.3105263303613374,-1.812990938624289,0.07011386604003049,0.7169449394095282,-4.225369154757157,Nerve Sheath Tumor
SET1C/COMPASS,0.053493422743309295,0.589783839656728,1.085513847643062,0.277939098422167,0.7169449394095282,-5.157968753552483,Nerve Sheath Tumor
SETDB1-ATF7IP/KAP1,0.020898956966689995,0.2953410291228548,0.2936607067421202,0.7690742399210274,0.847953649143697,-5.641795499192424,Nerve Sheath Tumor
SRCAP,0.03168350446635995,0.8039866308943082,0.8376253669804358,0.4024285504650814,0.7169449394095282,-5.369100581580094,Nerve Sheath Tumor
STAGA/TFTC,-0.01947928844298785,0.252413731020777,-0.6744138790408267,0.5001941437740894,0.7169449394095282,-5.478436875979479,Nerve Sheath Tumor
SUV39H1/2-HP1,0.018059041034188247,0.10173277260252934,0.8141533427818497,0.41573856128017905,0.7169449394095282,-5.386275976902675,Nerve Sheath Tumor
WICH / B-WICH,0.025099956200617966,0.3771652369105695,0.3066487938866862,0.7591704846302691,0.847953649143697,-5.638339354372349,Nerve Sheath Tumor
mSin3A/HDAC,0.03739962526981618,0.30224111428184264,1.4148370012165132,0.15740772140801948,0.7169449394095282,-4.793537453057999,Nerve Sheath Tumor
ncBAF (non-canonical BAF / bBAF),0.0012593637090605818,0.35936621971996374,0.03048208678927195,0.97568827472458,0.97568827472458,-5.67961184747007,Nerve Sheath Tumor
Lineage,NA,NA,NA,NA,NA,NA,Neuroblastoma
ACF,-0.04287735267755826,0.2940597214083108,-1.5358614256783145,0.1248685620862266,0.23344992042207582,-6.020398082670728,Neuroblastoma
ATAC,0.026453163547415358,0.2862401943992777,1.2565379431162103,0.209195768783868,0.3212649306323687,-6.407874167032108,Neuroblastoma
BAF (canonical/cBAF),0.018683570242278718,0.28103164933152663,1.4167057527438751,0.1568605431456651,0.28104180646931665,-6.195135955217996,Neuroblastoma
BCOR complex,0.08567306515084885,0.07688398925835595,9.065887957811645,5.771676400494525e-19,2.481820852212646e-17,32.20705442429803,Neuroblastoma
BRCA1-A,0.03672767982481523,0.23973389480036114,2.045709276358962,0.04102955200530094,0.09285635453831265,-5.114368008876018,Neuroblastoma
CAF-1,0.003832565515091182,0.9690249844625101,0.46467283557641625,0.6422604594506507,0.7267684146415258,-7.0856448666222995,Neuroblastoma
CHRAC,-0.019961588906132158,0.26206692106594376,-0.8883967554116277,0.3745274130875045,0.5084626428333373,-6.8004367044815535,Neuroblastoma
DAXX-ATRX,0.027549496523515127,0.25018074947967495,0.8174302030493675,0.41386494184108846,0.5084626428333373,-6.86064482345091,Neuroblastoma
DNMT1-UHRF1,-0.03487731969927242,0.7253934436802176,-0.9457262663555444,0.34450213856999645,0.49825418574097263,-6.748145714694078,Neuroblastoma
Elongator,0.05903251909468564,0.7476231388617897,1.978206569124384,0.048162078707270954,0.09861758973393575,-5.249041382347181,Neuroblastoma
FACT,-1.5366461039052843e-4,0.9846571827461597,-0.02802174126291353,0.9776500449800176,0.9776500449800176,-7.192706090991787,Neuroblastoma
G9a/GLP,0.06536241416553727,0.1813339326617885,2.464857905529207,0.013863254026344595,0.044833248394637044,-4.177947791062463,Neuroblastoma
HAT1 complex,0.016891712300892998,0.5070069141011739,1.2792323693657524,0.2010930538185979,0.3202593079333226,-6.379276137816374,Neuroblastoma
HBO1,-0.0100578029905666,0.1272006936982836,-0.8301684430190428,0.4066290457237267,0.5084626428333373,-6.850206140977792,Neuroblastoma
HIRA,0.06299569194040108,0.42351438993766954,2.6261612883676784,0.00875892626432364,0.044833248394637044,-3.7717213018659392,Neuroblastoma
INO80,-0.0013577413899433124,0.6562516235772355,-0.0704702205548225,0.9438325953462716,0.9772115573634933,-7.190625311676039,Neuroblastoma
LSD1-CoREST,0.031150001505241293,0.15410883043179746,2.0033968364487653,0.04538699636420788,0.09758204218304693,-5.199309221382518,Neuroblastoma
MLL1/MLL2 (KMT2A/KMT2B),0.0011374620298174119,0.4921214235772354,0.05708808416104319,0.9544857071922493,0.9772115573634933,-7.191474876975176,Neuroblastoma
MLL3/MLL4 (KMT2C/KMT2D),-0.010179235983140807,0.3775775624299912,-0.5775228586233463,0.5637080325157631,0.6551201458966975,-7.027125042604147,Neuroblastoma
MOZ/MORF,0.027693416167037896,0.1292105213351399,1.9307689739716922,0.05377604730719317,0.10510772882769574,-5.3409993575797206,Neuroblastoma
MSL,-0.03007057112678516,0.3698017822041551,-2.0924598135519177,0.03663296636455634,0.08751208631532903,-5.018469182732573,Neuroblastoma
Menin-MLL,-0.01792443586535522,0.532817426829269,-0.8257884028493646,0.4091085638787445,0.5084626428333373,-6.853813632924139,Neuroblastoma
NSL,-0.012793777563759181,0.690279032429991,-1.2840816066772813,0.19939183642058456,0.3202593079333226,-6.373099274905388,Neuroblastoma
NURF,-0.023186882146204443,0.430541240740741,-1.3798888686986508,0.16790967145117433,0.2888046348960198,-6.24628551433002,Neuroblastoma
NoRC,-0.06875327128314661,0.2806835276856367,-2.558167938357794,0.010659594450358922,0.044833248394637044,-3.9460559795559536,Neuroblastoma
NuA4/TIP60,-0.0459111692745707,0.7442379977416442,-3.2647783903885794,0.00113027288945285,0.008100289041078759,-1.9147046055440464,Neuroblastoma
NuRD (Mi-2/NuRD),0.039767445566311385,0.23344356913279152,4.633050023516842,4.047109520667032e-6,5.8008569796227465e-5,3.3835180189664866,Neuroblastoma
PBAF,0.060241367654177244,0.3440632730803972,2.9829017617894924,0.0029201541249502644,0.01793808962469448,-2.78319171216288,Neuroblastoma
PCAF complex,0.04394142349212182,0.4083963325654916,2.4462170795848293,0.014596871570346944,0.044833248394637044,-4.223252908258826,Neuroblastoma
PR-DUB,-0.040593195836059005,0.19108004058717235,-2.2834811976772387,0.022597744456657142,0.06478020077575047,-4.6043164973633,Neuroblastoma
PRC1 (canonical and variant PCGF complexes),0.0267399489846471,0.0774263117434509,4.795839601338156,1.8495272738821458e-6,3.9764836388466136e-5,4.13178254119554,Neuroblastoma
PRC2,0.040003344120513415,0.2068612206504066,3.4548572250959477,5.722040301938101e-4,0.0049209546596667665,-1.2857046604049938,Neuroblastoma
Piccolo NuA4,-0.09653558794274747,0.7310030581752486,-3.7785427497091235,1.664662592871534e-4,0.001789512287336899,-0.13463703972994345,Neuroblastoma
RSF,-0.05703904934608652,0.25863721200632345,-2.227952983158181,0.026091309696948575,0.0701203948105493,-4.728400720193926,Neuroblastoma
SAGA,0.016775074377942456,0.3105263303613374,0.8516620578706928,0.3945926124503939,0.5084626428333373,-6.832227039174185,Neuroblastoma
SET1C/COMPASS,0.013324786908412302,0.589783839656728,0.6672329579425886,0.5047674803473685,0.6029167126371346,-6.9715690933684415,Neuroblastoma
SETDB1-ATF7IP/KAP1,-0.07219593564681849,0.2953410291228548,-2.503319103382656,0.012451841103151822,0.044833248394637044,-4.083396393800847,Neuroblastoma
SRCAP,0.006513587393189273,0.8039866308943082,0.4249316600333067,0.6709720920766027,0.7397897425459979,-7.10323707554218,Neuroblastoma
STAGA/TFTC,0.001353754990407943,0.252413731020777,0.11565801057841263,0.9079453232499763,0.9760412224937245,-7.186439364808099,Neuroblastoma
SUV39H1/2-HP1,-0.022350750723785524,0.10173277260252934,-2.48648519068925,0.01305307814977927,0.044833248394637044,-4.124956873710939,Neuroblastoma
WICH / B-WICH,-0.07055848316335951,0.3771652369105695,-2.1271580990751024,0.03363562680069375,0.08507835014293125,-4.945904238267752,Neuroblastoma
mSin3A/HDAC,0.027837647596270276,0.30224111428184264,2.5986867226029067,0.009487015674512229,0.044833248394637044,-3.842707905678727,Neuroblastoma
ncBAF (non-canonical BAF / bBAF),0.015731918999867256,0.35936621971996374,0.9396312657792343,0.34761919935416696,0.49825418574097263,-6.753860086586977,Neuroblastoma
Lineage,NA,NA,NA,NA,NA,NA,Non-Hodgkin Lymphoma
ACF,-0.027176879818271188,0.2940597214083108,-0.39449493069322256,0.6932944334005833,0.8595422688757917,-5.697095635773107,Non-Hodgkin Lymphoma
ATAC,-0.11392451731562397,0.2862401943992777,-2.1929713155768655,0.0285245251115482,0.30663864494914317,-3.596786441078505,Non-Hodgkin Lymphoma
BAF (canonical/cBAF),0.04055732022351711,0.28103164933152663,1.2462546839933568,0.21294415495689148,0.6104399108764222,-5.065284928212363,Non-Hodgkin Lymphoma
BCOR complex,0.01649515904578328,0.07688398925835595,0.7073596998378834,0.4794972612448065,0.7930147012894877,-5.541160912985234,Non-Hodgkin Lymphoma
BRCA1-A,-0.1139429487999502,0.23973389480036114,-2.5719092408436293,0.010248226093748331,0.2203368610155891,-2.7845376053615674,Non-Hodgkin Lymphoma
CAF-1,0.020937856134228286,0.9690249844625101,1.0287448451598362,0.30383246884403636,0.6667191757824443,-5.288892663842356,Non-Hodgkin Lymphoma
CHRAC,0.0045117259906784744,0.26206692106594376,0.0813715026146419,0.9351617581079611,0.9574275142533887,-5.764513128067084,Non-Hodgkin Lymphoma
DAXX-ATRX,0.002659730088243225,0.25018074947967495,0.03198102241245785,0.9744931607291586,0.9744931607291586,-5.767046394414279,Non-Hodgkin Lymphoma
DNMT1-UHRF1,-0.029462565400960854,0.7253934436802176,-0.32375066712911615,0.7461901960505445,0.8595422688757917,-5.72008432897169,Non-Hodgkin Lymphoma
Elongator,-0.13233697144940393,0.7476231388617897,-1.7971291080357275,0.07259756738655004,0.5202825662702754,-4.308534042403701,Non-Hodgkin Lymphoma
FACT,0.008928449273287106,0.9846571827461597,0.6598041740025417,0.5095217327662078,0.8114605373684051,-5.570565912462808,Non-Hodgkin Lymphoma
G9a/GLP,-0.06644991258849647,0.1813339326617885,-1.0154907716028212,0.31010194222439275,0.6667191757824443,-5.301139433053401,Non-Hodgkin Lymphoma
HAT1 complex,0.050164313632975674,0.5070069141011739,1.5395308720554306,0.12397091365866032,0.5614020008679244,-4.696341949140089,Non-Hodgkin Lymphoma
HBO1,0.006549309212060069,0.1272006936982836,0.2190666943115821,0.8266399435032957,0.8886379392660428,-5.745794683465463,Non-Hodgkin Lymphoma
HIRA,-0.018118463526765924,0.42351438993766954,-0.3060903755673072,0.7595954934251182,0.8595422688757917,-5.7251169323758,Non-Hodgkin Lymphoma
INO80,0.037911352418687136,0.6562516235772355,0.7973988669300689,0.42539666558210976,0.7697726307639846,-5.479890113798775,Non-Hodgkin Lymphoma
LSD1-CoREST,-0.02799943568425205,0.15410883043179746,-0.7297531085000706,0.46570113784505607,0.7930147012894877,-5.526606653212372,Non-Hodgkin Lymphoma
MLL1/MLL2 (KMT2A/KMT2B),0.0814275657821627,0.4921214235772354,1.6561427815536633,0.09798666562322762,0.5614020008679244,-4.528161586973843,Non-Hodgkin Lymphoma
MLL3/MLL4 (KMT2C/KMT2D),0.04879752780672798,0.3775775624299912,1.121939864589399,0.2621401934623592,0.64923997992832,-5.198306527623098,Non-Hodgkin Lymphoma
MOZ/MORF,-0.041552230802943395,0.1292105213351399,-1.1739940270826297,0.2406591114678695,0.6467713620698993,-5.1443013313652015,Non-Hodgkin Lymphoma
MSL,-0.01107542234629727,0.3698017822041551,-0.312315478964864,0.7548617369046489,0.8595422688757917,-5.723375188383989,Non-Hodgkin Lymphoma
Menin-MLL,0.06705180409712151,0.532817426829269,1.2518477538624964,0.21089944928385085,0.6104399108764222,-5.058972811132049,Non-Hodgkin Lymphoma
NSL,0.011234921498154426,0.690279032429991,0.4569636294721168,0.6477900972557499,0.8595422688757917,-5.673032480996021,Non-Hodgkin Lymphoma
NURF,-0.052405207587104895,0.430541240740741,-1.263845440078139,0.20656129895369532,0.6104399108764222,-5.045337700515972,Non-Hodgkin Lymphoma
NoRC,-0.027943386211852113,0.2806835276856367,-0.4213397969756579,0.6735917582771545,0.8595422688757917,-5.687187377590321,Non-Hodgkin Lymphoma
NuA4/TIP60,-0.05420738146969252,0.7442379977416442,-1.562109760296285,0.11855835126761924,0.5614020008679244,-4.664731453152491,Non-Hodgkin Lymphoma
NuRD (Mi-2/NuRD),0.006771949675129432,0.23344356913279152,0.31972071802533686,0.7492425715625455,0.8595422688757917,-5.7212575888754,Non-Hodgkin Lymphoma
PBAF,0.019958080618530025,0.3440632730803972,0.4004798445507097,0.6888832234681879,0.8595422688757917,-5.694943107060005,Non-Hodgkin Lymphoma
PCAF complex,0.04873908782608066,0.4083963325654916,1.0995526578321304,0.27177487531883165,0.64923997992832,-5.2207817138958825,Non-Hodgkin Lymphoma
PR-DUB,-0.011766807014295447,0.19108004058717235,-0.26823817782996145,0.7885677909677731,0.8694465387593396,-5.734953027286882,Non-Hodgkin Lymphoma
PRC1 (canonical and variant PCGF complexes),-0.005809820921544283,0.0774263117434509,-0.4222645128847941,0.6729169319170049,0.8595422688757917,-5.686834473386257,Non-Hodgkin Lymphoma
PRC2,0.08417591008674233,0.2068612206504066,2.946045096000117,0.003288487758817475,0.14140497362915144,-1.8576639470839442,Non-Hodgkin Lymphoma
Piccolo NuA4,0.0057449304437444445,0.7310030581752486,0.09112539681998987,0.9274100411378363,0.9574275142533887,-5.763751813538308,Non-Hodgkin Lymphoma
RSF,-0.03027080414908829,0.25863721200632345,-0.47915438251372466,0.631926897741484,0.8595422688757917,-5.663634947110502,Non-Hodgkin Lymphoma
SAGA,0.11618883312090694,0.3105263303613374,2.3904793629246206,0.01699886063248983,0.24365033573235423,-3.1893630627383827,Non-Hodgkin Lymphoma
SET1C/COMPASS,0.06375578127989455,0.589783839656728,1.293762483263123,0.19602720330906725,0.6104399108764222,-5.010773032740642,Non-Hodgkin Lymphoma
SETDB1-ATF7IP/KAP1,-0.06826595410648073,0.2953410291228548,-0.9592358298687549,0.33765706208826685,0.6913930318950225,-5.351355321071099,Non-Hodgkin Lymphoma
SRCAP,0.03488948739318945,0.8039866308943082,0.922382803723894,0.3565372643673783,0.6968682894453303,-5.382703940759386,Non-Hodgkin Lymphoma
STAGA/TFTC,-0.01722006405274401,0.252413731020777,-0.5961947855093853,0.5511714194953273,0.8464418227963956,-5.606702104332099,Non-Hodgkin Lymphoma
SUV39H1/2-HP1,-0.04560489377068985,0.10173277260252934,-2.0559993545796416,0.04002515512826424,0.34421633410307245,-3.8589142476335914,Non-Hodgkin Lymphoma
WICH / B-WICH,-0.11931709040913818,0.3771652369105695,-1.457709390868583,0.14521464551724905,0.5676572506583372,-4.807054433985467,Non-Hodgkin Lymphoma
mSin3A/HDAC,-0.020885594730183792,0.30224111428184264,-0.7901071736278894,0.4296405381008286,0.7697726307639846,-5.485124605018544,Non-Hodgkin Lymphoma
ncBAF (non-canonical BAF / bBAF),0.0625121620017436,0.35936621971996374,1.5130665857789238,0.13055860485300566,0.5614020008679244,-4.732809054550086,Non-Hodgkin Lymphoma
Lineage,NA,NA,NA,NA,NA,NA,Non-Seminomatous Germ Cell Tumor
ACF,-0.1161941467548566,0.2940597214083108,-1.5412737182171188,0.1235464154357742,0.6845923381971242,-4.5724653589973805,Non-Seminomatous Germ Cell Tumor
ATAC,-0.028897283364404645,0.2862401943992777,-0.508307431556419,0.6113427351026526,0.867334283444337,-5.489040850502803,Non-Seminomatous Germ Cell Tumor
BAF (canonical/cBAF),0.01238553885766323,0.28103164933152663,0.3477812360979518,0.7280730020669437,0.867334283444337,-5.548607192683815,Non-Seminomatous Germ Cell Tumor
BCOR complex,0.03065773571895397,0.07688398925835595,1.201372179824528,0.22987315558935553,0.7060389778815921,-4.975801334046118,Non-Seminomatous Germ Cell Tumor
BRCA1-A,0.013442187331757099,0.23973389480036114,0.2772629351501468,0.781631875421339,0.8844781748188837,-5.5677141002340935,Non-Seminomatous Germ Cell Tumor
CAF-1,0.010094818573252487,0.9690249844625101,0.4532394120317075,0.6504684053963719,0.867334283444337,-5.511991076231718,Non-Seminomatous Germ Cell Tumor
CHRAC,-0.04364470913127284,0.26206692106594376,-0.7193080358836861,0.4721085101729612,0.867334283444337,-5.376789675981325,Non-Seminomatous Germ Cell Tumor
DAXX-ATRX,-0.005721526984927617,0.25018074947967495,-0.06286666421980172,0.9498844441770377,0.972500740466967,-5.599327169878758,Non-Seminomatous Germ Cell Tumor
DNMT1-UHRF1,-0.20739245429364409,0.7253934436802176,-2.0825083540060545,0.03753360219309356,0.6845923381971242,-3.725186686090946,Non-Seminomatous Germ Cell Tumor
Elongator,0.10175392055059583,0.7476231388617897,1.2627079859819517,0.20696977666424685,0.6845923381971242,-4.910383990481326,Non-Seminomatous Germ Cell Tumor
FACT,0.006097413663530878,0.9846571827461597,0.4117545163438638,0.6806019665476583,0.867334283444337,-5.527545008466754,Non-Seminomatous Germ Cell Tumor
G9a/GLP,0.001384680050040087,0.1813339326617885,0.019336803808610286,0.984576036128398,0.984576036128398,-5.6008784851311555,Non-Seminomatous Germ Cell Tumor
HAT1 complex,-0.02345331334263442,0.5070069141011739,-0.6577357115364396,0.5108496833286282,0.867334283444337,-5.413529600827114,Non-Seminomatous Germ Cell Tumor
HBO1,-0.015654473617208273,0.1272006936982836,-0.4784901669366904,0.6323992871219619,0.867334283444337,-5.501793717433789,Non-Seminomatous Germ Cell Tumor
HIRA,-0.1264467524340831,0.42351438993766954,-1.9520443325366064,0.05119398542219782,0.6845923381971242,-3.9524005813775855,Non-Seminomatous Germ Cell Tumor
INO80,0.052508134857711455,0.6562516235772355,1.0092217872189868,0.31309687705762684,0.8414478570923721,-5.1597118836181926,Non-Seminomatous Germ Cell Tumor
LSD1-CoREST,-0.055166054064739886,0.15410883043179746,-1.3138696619651127,0.18917222183993737,0.6845923381971242,-4.853335167381853,Non-Seminomatous Germ Cell Tumor
MLL1/MLL2 (KMT2A/KMT2B),-0.0045427156812519656,0.4921214235772354,-0.08442976273254428,0.9327305680533882,0.972500740466967,-5.597950199905838,Non-Seminomatous Germ Cell Tumor
MLL3/MLL4 (KMT2C/KMT2D),0.008970614635996172,0.3775775624299912,0.18847235124673362,0.8505421942343452,0.9377772910788935,-5.585640942262179,Non-Seminomatous Germ Cell Tumor
MOZ/MORF,-0.03139805357855317,0.1292105213351399,-0.8106398657497734,0.41775309477213585,0.867334283444337,-5.3162483968755865,Non-Seminomatous Germ Cell Tumor
MSL,-0.03990238185849251,0.3698017822041551,-1.028219230178302,0.30407949839609855,0.8414478570923721,-5.142949918658013,Non-Seminomatous Germ Cell Tumor
Menin-MLL,-0.006943949561415301,0.532817426829269,-0.1184680645461247,0.9057190757229021,0.972500740466967,-5.594956115441176,Non-Seminomatous Germ Cell Tumor
NSL,0.013669664912788437,0.690279032429991,0.5080695303811463,0.6115094780427126,0.867334283444337,-5.489145669608928,Non-Seminomatous Germ Cell Tumor
NURF,-0.031750199684665976,0.430541240740741,-0.6997125604752077,0.4842592075412103,0.867334283444337,-5.38883826144741,Non-Seminomatous Germ Cell Tumor
NoRC,-0.11041031863624243,0.2806835276856367,-1.5213067784137508,0.12847887859042426,0.6845923381971242,-4.598910300458174,Non-Seminomatous Germ Cell Tumor
NuA4/TIP60,-0.04872268342091224,0.7442379977416442,-1.283033526874261,0.19975865312870045,0.6845923381971242,-4.8879899003321485,Non-Seminomatous Germ Cell Tumor
NuRD (Mi-2/NuRD),0.01982079616293423,0.23344356913279152,0.8551294069334602,0.3926712613264637,0.867334283444337,-5.284143133535855,Non-Seminomatous Germ Cell Tumor
PBAF,-0.02931898655220179,0.3440632730803972,-0.5376065286746755,0.5909607228319353,0.867334283444337,-5.475759333880235,Non-Seminomatous Germ Cell Tumor
PCAF complex,-0.03918554753977316,0.4083963325654916,-0.8078267759106564,0.4193702003165021,0.867334283444337,-5.318220838222489,Non-Seminomatous Germ Cell Tumor
PR-DUB,-0.016209089785027213,0.19108004058717235,-0.33765584823292033,0.7356889054006467,0.867334283444337,-5.551615675500714,Non-Seminomatous Germ Cell Tumor
PRC1 (canonical and variant PCGF complexes),0.0243716754686996,0.0774263117434509,1.6186796763271258,0.10581139543565733,0.6845923381971242,-4.46670356688385,Non-Seminomatous Germ Cell Tumor
PRC2,-0.010117924547404128,0.2068612206504066,-0.3235911943931411,0.7463108950567552,0.867334283444337,-5.5556471786120785,Non-Seminomatous Germ Cell Tumor
Piccolo NuA4,-0.0951420232147924,0.7310030581752486,-1.3790522746237373,0.1681673726017482,0.6845923381971242,-4.777382422783504,Non-Seminomatous Germ Cell Tumor
RSF,-0.041498352597868896,0.25863721200632345,-0.6002553667189924,0.5484634057624531,0.867334283444337,-5.444865162125092,Non-Seminomatous Germ Cell Tumor
SAGA,-0.07573793073275172,0.3105263303613374,-1.4239270253988296,0.15475969537873924,0.6845923381971242,-4.7229646786545665,Non-Seminomatous Germ Cell Tumor
SET1C/COMPASS,0.03003434323111389,0.589783839656728,0.5569379468494053,0.5776865181704256,0.867334283444337,-5.466589052473338,Non-Seminomatous Germ Cell Tumor
SETDB1-ATF7IP/KAP1,0.026900381322787423,0.2953410291228548,0.3454087642801474,0.7298551100013422,0.867334283444337,-5.549320072781319,Non-Seminomatous Germ Cell Tumor
SRCAP,0.05721499714928658,0.8039866308943082,1.3822295660208856,0.16719023006744096,0.6845923381971242,-4.773586535510875,Non-Seminomatous Germ Cell Tumor
STAGA/TFTC,-0.018076856882012313,0.252413731020777,-0.5719130666181352,0.5675011970318867,0.867334283444337,-5.459262794065265,Non-Seminomatous Germ Cell Tumor
SUV39H1/2-HP1,0.032873118053700384,0.10173277260252934,1.354272668165354,0.17593580362430908,0.6845923381971242,-4.806687893505867,Non-Seminomatous Germ Cell Tumor
WICH / B-WICH,-0.11748118039938209,0.3771652369105695,-1.3115664155150528,0.18994835457567696,0.6845923381971242,-4.855951973808241,Non-Seminomatous Germ Cell Tumor
mSin3A/HDAC,-0.017737910535061997,0.30224111428184264,-0.6131903437681324,0.5398810215360468,0.867334283444337,-5.438063137453252,Non-Seminomatous Germ Cell Tumor
ncBAF (non-canonical BAF / bBAF),0.0246709883432068,0.35936621971996374,0.5456746241318934,0.5854035713822161,0.867334283444337,-5.471971415509358,Non-Seminomatous Germ Cell Tumor
Lineage,NA,NA,NA,NA,NA,NA,Non-Small Cell Lung Cancer
ACF,-0.030250600407121932,0.2940597214083108,-1.628154406394439,0.10378709309328467,0.21251642871482096,-5.62179020666324,Non-Small Cell Lung Cancer
ATAC,-9.960693365307612e-4,0.2862401943992777,-0.07109271199574117,0.943337278786524,0.943337278786524,-6.931999604350975,Non-Small Cell Lung Cancer
BAF (canonical/cBAF),-0.017879811100525562,0.28103164933152663,-2.0371369917218285,0.041882436440265056,0.09618144962681677,-4.880918500381519,Non-Small Cell Lung Cancer
BCOR complex,-0.020938373368850904,0.07688398925835595,-3.3292507233247473,9.005410543066383e-4,0.01275914974995311,-1.4674765368797411,Non-Small Cell Lung Cancer
BRCA1-A,0.002352977677401371,0.23973389480036114,0.19692721922669457,0.8439219623980955,0.933495462661157,-6.915277894630014,Non-Small Cell Lung Cancer
CAF-1,6.082631028666932e-4,0.9690249844625101,0.11081197382316102,0.9117862658550837,0.933495462661157,-6.9284172860408635,Non-Small Cell Lung Cancer
CHRAC,-0.03831857519399106,0.26206692106594376,-2.5624696437196337,0.010529262074155683,0.03233987637062103,-3.6888964922085368,Non-Small Cell Lung Cancer
DAXX-ATRX,-0.06763836493266329,0.25018074947967495,-3.015557647017053,0.0026257191529071838,0.01275914974995311,-2.445000155365408,Non-Small Cell Lung Cancer
DNMT1-UHRF1,-0.020638730850439754,0.7253934436802176,-0.8408971042881487,0.4005938113959344,0.5108544661063555,-6.584025362475255,Non-Small Cell Lung Cancer
Elongator,-0.02649618981177512,0.7476231388617897,-1.3341395852854314,0.18244252528794822,0.31098710875250146,-6.052725330516949,Non-Small Cell Lung Cancer
FACT,-0.0018873221552858236,0.9846571827461597,-0.5171360552373333,0.6051682433336897,0.7228398462041293,-6.801925705126042,Non-Small Cell Lung Cancer
G9a/GLP,-0.042794129956440934,0.1813339326617885,-2.4248536113810957,0.015479607430379553,0.04027371353960413,-4.0272047372929975,Non-Small Cell Lung Cancer
HAT1 complex,0.001477758441336883,0.5070069141011739,0.1681576903358391,0.866491058062466,0.933495462661157,-6.920485474040373,Non-Small Cell Lung Cancer
HBO1,-0.012485029801877425,0.1272006936982836,-1.5484250907871684,0.12181618213321486,0.23809526507855633,-5.747065546201667,Non-Small Cell Lung Cancer
HIRA,0.015480981508076332,0.42351438993766954,0.9697204561842213,0.33240541190176753,0.44666977224300014,-6.4684657177331735,Non-Small Cell Lung Cancer
INO80,-0.03319084688444976,0.6562516235772355,-2.588477699413081,0.009771081034852247,0.032319729576818966,-3.622887413290924,Non-Small Cell Lung Cancer
LSD1-CoREST,-0.01068972575045458,0.15410883043179746,-1.033030146610367,0.3018236609680536,0.41865862650407437,-6.405658708942264,Non-Small Cell Lung Cancer
MLL1/MLL2 (KMT2A/KMT2B),-0.033097537702159036,0.4921214235772354,-2.4959838248065394,0.012710754835639885,0.036437497195501004,-3.8546456729410794,Non-Small Cell Lung Cancer
MLL3/MLL4 (KMT2C/KMT2D),-0.03531259849989284,0.3775775624299912,-3.010379119625482,0.0026705197151064646,0.01275914974995311,-2.460340791741398,Non-Small Cell Lung Cancer
MOZ/MORF,0.01354562596012256,0.1292105213351399,1.4190260852623469,0.15618314900196312,0.29199458291671365,-5.937056592972867,Non-Small Cell Lung Cancer
MSL,-0.03964842966337107,0.3698017822041551,-4.145519486755958,3.658947400953372e-5,0.0015733473824099502,1.5178499425210026,Non-Small Cell Lung Cancer
Menin-MLL,-0.04095891018859357,0.532817426829269,-2.8353664532483847,0.004663680217733092,0.019879313820164408,-2.9635360659004615,Non-Small Cell Lung Cancer
NSL,-0.013038254460035172,0.690279032429991,-1.9663046339207988,0.0495220567716852,0.10647242205912316,-5.020988783293814,Non-Small Cell Lung Cancer
NURF,0.012667936454706184,0.430541240740741,1.1327789066181637,0.2575613608905078,0.3819013282169599,-6.298662488373148,Non-Small Cell Lung Cancer
NoRC,-0.04644386503415198,0.2806835276856367,-2.5965791159121903,0.009545071688083913,0.032319729576818966,-3.6021913728180315,Non-Small Cell Lung Cancer
NuA4/TIP60,0.0012924126069615352,0.7442379977416442,0.13809376165305948,0.8901923444372237,0.933495462661157,-6.9250504331565494,Non-Small Cell Lung Cancer
NuRD (Mi-2/NuRD),-0.018051922938111555,0.23344356913279152,-3.160096068184838,0.001621504591565999,0.01275914974995311,-2.0063735146266994,Non-Small Cell Lung Cancer
PBAF,-0.01855226537450162,0.3440632730803972,-1.3803162348998355,0.16777814189541818,0.3006025042292909,-5.990685241849721,Non-Small Cell Lung Cancer
PCAF complex,-0.009981668619913063,0.4083963325654916,-0.8349520599186772,0.40393143831665324,0.5108544661063555,-6.588961926529228,Non-Small Cell Lung Cancer
PR-DUB,0.0016931897975506775,0.19108004058717235,0.14311572649602222,0.8862257818512261,0.933495462661157,-6.924350238002513,Non-Small Cell Lung Cancer
PRC1 (canonical and variant PCGF complexes),-0.004887932872763891,0.0774263117434509,-1.3172458189097043,0.18803871692011717,0.31098710875250146,-6.074897176989207,Non-Small Cell Lung Cancer
PRC2,-0.023548308345314087,0.2068612206504066,-3.0558430218514285,0.00229999937467824,0.01275914974995311,-2.32477210629503,Non-Small Cell Lung Cancer
Piccolo NuA4,-0.0050257737374417785,0.7310030581752486,-0.2955815670784184,0.7676071102102356,0.8920839388929764,-6.891188429510446,Non-Small Cell Lung Cancer
RSF,-0.04783338971703291,0.25863721200632345,-2.807387887659683,0.00508540586097229,0.019879313820164408,-3.0412294840731446,Non-Small Cell Lung Cancer
SAGA,-0.016157100537630552,0.3105263303613374,-1.2325478631378606,0.21801576176401508,0.34721028725380176,-6.181810880579061,Non-Small Cell Lung Cancer
SET1C/COMPASS,-0.026993710009304984,0.589783839656728,-2.031034573216656,0.04249878006766322,0.09618144962681677,-4.893179977940923,Non-Small Cell Lung Cancer
SETDB1-ATF7IP/KAP1,-0.06864440931205625,0.2953410291228548,-3.5764005851284875,3.6395689259924703e-4,0.00782507319088381,-0.6306938960602047,Non-Small Cell Lung Cancer
SRCAP,-0.030891679854197752,0.8039866308943082,-3.0281535363921965,0.002519606636539998,0.01275914974995311,-2.4075784800531688,Non-Small Cell Lung Cancer
STAGA/TFTC,-0.009048769418597948,0.252413731020777,-1.161616278347275,0.2456508544395488,0.3772495264607357,-6.265897786935177,Non-Small Cell Lung Cancer
SUV39H1/2-HP1,-0.003119320829923401,0.10173277260252934,-0.5214243734219836,0.6021792593658571,0.7228398462041293,-6.799718051807529,Non-Small Cell Lung Cancer
WICH / B-WICH,-0.06655328483074163,0.3771652369105695,-3.0147933583225,0.002632287610777457,0.01275914974995311,-2.447265880083541,Non-Small Cell Lung Cancer
mSin3A/HDAC,-0.017213775496735008,0.30224111428184264,-2.414543588846985,0.015922165817983027,0.04027371353960413,-4.051805930260743,Non-Small Cell Lung Cancer
ncBAF (non-canonical BAF / bBAF),-0.012175818102787074,0.35936621971996374,-1.0927263849496476,0.2747603785952363,0.39382320931983866,-6.342806647459606,Non-Small Cell Lung Cancer
Lineage,NA,NA,NA,NA,NA,NA,Ocular Melanoma
ACF,0.12970018027928976,0.2940597214083108,2.1695310777821564,0.03026237158358979,0.14857866711827603,-3.901134239117983,Ocular Melanoma
ATAC,0.10846040426974173,0.2862401943992777,2.405860465445875,0.016303565572915735,0.11684221993922944,-3.386974843486239,Ocular Melanoma
BAF (canonical/cBAF),-0.004232673617946556,0.28103164933152663,-0.1498772776251193,0.8808897331421481,0.923859964027131,-6.134848085226239,Ocular Melanoma
BCOR complex,-0.026574984009094818,0.07688398925835595,-1.3132284436003356,0.18938799549205546,0.508980237884899,-5.322032462246657,Ocular Melanoma
BRCA1-A,0.07022436012687895,0.23973389480036114,1.826583111136446,0.06804150641755971,0.23886893895066466,-4.553568434908713,Ocular Melanoma
CAF-1,-0.03178347618284517,0.9690249844625101,-1.7995350839384072,0.07221619084554978,0.23886893895066466,-4.600294260336632,Ocular Melanoma
CHRAC,0.09900859434433691,0.26206692106594376,2.05771857291075,0.03985946267248018,0.17139568949166478,-4.126054601019213,Ocular Melanoma
DAXX-ATRX,0.07278510964921865,0.25018074947967495,1.0085113284642526,0.31343748961809076,0.6738906026788951,-5.6597119454431635,Ocular Melanoma
DNMT1-UHRF1,0.0919973387880634,0.7253934436802176,1.1649273454164653,0.24430853957545096,0.5836259556524661,-5.4974185272109155,Ocular Melanoma
Elongator,0.12843121190425427,0.7476231388617897,2.0097967079734493,0.04470385512631948,0.17475143367561252,-4.218841080922177,Ocular Melanoma
FACT,0.005254934639140437,0.9846571827461597,0.4474966666044885,0.6546072220734429,0.8684190726964206,-6.04988376793902,Ocular Melanoma
G9a/GLP,-0.010865277342155066,0.1813339326617885,-0.19134003380460815,0.8482955678664547,0.923859964027131,-6.12808642616728,Ocular Melanoma
HAT1 complex,-0.029292616367024713,0.5070069141011739,-1.0359413167192428,0.3004639825661529,0.6738906026788951,-5.632936629928071,Ocular Melanoma
HBO1,0.06455285557181606,0.1272006936982836,2.4881684622550195,0.012991819289160681,0.11684221993922944,-3.1955714088788203,Ocular Melanoma
HIRA,-0.00215008371579037,0.42351438993766954,-0.0418569077569647,0.9666205927028145,0.9666205927028145,-6.144746746560555,Ocular Melanoma
INO80,0.018066646930882058,0.6562516235772355,0.437892349006685,0.6615528697250121,0.8684190726964206,-6.053947189511976,Ocular Melanoma
LSD1-CoREST,0.005071462571845433,0.15410883043179746,0.15231524126943147,0.8789670741524256,0.923859964027131,-6.1344959739251275,Ocular Melanoma
MLL1/MLL2 (KMT2A/KMT2B),0.018394926148016202,0.4921214235772354,0.43112959428165637,0.6664611488135321,0.8684190726964206,-6.056755535604133,Ocular Melanoma
MLL3/MLL4 (KMT2C/KMT2D),0.012002741892093638,0.3775775624299912,0.3180062747343725,0.75054234724046,0.8964811369816605,-6.097253037443303,Ocular Melanoma
MOZ/MORF,0.044475825629983375,0.1292105213351399,1.4480348844897615,0.14790075461516672,0.4239821632301446,-5.144456671097425,Ocular Melanoma
MSL,0.027368270336629363,0.3698017822041551,0.8893322197714256,0.3740248060113337,0.7310484844766977,-5.767719250192381,Ocular Melanoma
Menin-MLL,0.023230130926389668,0.532817426829269,0.49977688672376336,0.6173351378357386,0.8684190726964206,-6.026219448342627,Ocular Melanoma
NSL,-9.366699652603065e-4,0.690279032429991,-0.04390173161721491,0.9649909398663847,0.9666205927028145,-6.144662934124392,Ocular Melanoma
NURF,0.0068872180836266625,0.430541240740741,0.19140215280795453,0.848246915607888,0.923859964027131,-6.1280750632007,Ocular Melanoma
NoRC,0.14110455685522094,0.2806835276856367,2.451759972296666,0.014375228307994745,0.11684221993922944,-3.2810232255766105,Ocular Melanoma
NuA4/TIP60,0.01840321731079482,0.7442379977416442,0.6111253998272239,0.5412465957985533,0.8098426699129956,-5.96711717083699,Ocular Melanoma
NuRD (Mi-2/NuRD),-0.012567874410236405,0.23344356913279152,-0.683757892969761,0.4942763500408184,0.7871808537687107,-5.922184811031126,Ocular Melanoma
PBAF,-0.008283964442445738,0.3440632730803972,-0.1915506279663031,0.8481306306440625,0.923859964027131,-6.128047888803215,Ocular Melanoma
PCAF complex,-0.013010325466602394,0.4083963325654916,-0.3382285467929593,0.7352574426533189,0.8964811369816605,-6.090911129900024,Ocular Melanoma
PR-DUB,-0.0833704522947833,0.19108004058717235,-2.1900679012936446,0.028735002752847186,0.14857866711827603,-3.8585409336971224,Ocular Melanoma
PRC1 (canonical and variant PCGF complexes),-0.014827062567885777,0.0774263117434509,-1.241825066101883,0.21457369784337055,0.5427452357214667,-5.409089062755412,Ocular Melanoma
PRC2,-0.018936504486428484,0.2068612206504066,-0.7637212027783368,0.44520204825600895,0.7801139585892783,-5.8668935772942845,Ocular Melanoma
Piccolo NuA4,0.04101979995593945,0.7310030581752486,0.7497762138994243,0.45355462708678973,0.7801139585892783,-5.876975218468521,Ocular Melanoma
RSF,0.14549869283261885,0.25863721200632345,2.653958093532531,0.008073559694877682,0.11572102229324678,-2.7907426086522866,Ocular Melanoma
SAGA,-0.03203467937909314,0.3105263303613374,-0.7594941852488245,0.4477245981875313,0.7801139585892783,-5.869969104515363,Ocular Melanoma
SET1C/COMPASS,0.01386258127989421,0.589783839656728,0.32416233321498844,0.7458786127748389,0.8964811369816605,-6.095363809006914,Ocular Melanoma
SETDB1-ATF7IP/KAP1,0.13331590304595822,0.2953410291228548,2.158671956695116,0.031097860559639166,0.14857866711827603,-3.9234953162773643,Ocular Melanoma
SRCAP,0.05219198922245719,0.8039866308943082,1.5900248855119552,0.1121251551780907,0.34438440518985003,-4.938749779082789,Ocular Melanoma
STAGA/TFTC,-0.02360374649176846,0.252413731020777,-0.9417113725194682,0.34655334451946695,0.7096092292541466,-5.72191802513104,Ocular Melanoma
SUV39H1/2-HP1,0.06546452413784672,0.10173277260252934,3.400955925582831,6.963550544418783e-4,0.029943267341000765,-0.6485039625746474,Ocular Melanoma
WICH / B-WICH,0.1963458108713495,0.3771652369105695,2.764225060250317,0.005803988060630733,0.11572102229324678,-2.507234355522398,Ocular Melanoma
mSin3A/HDAC,0.013848308806401394,0.30224111428184264,0.6036974766937477,0.5461729634296947,0.8098426699129956,-5.971428401314744,Ocular Melanoma
ncBAF (non-canonical BAF / bBAF),-0.02453859464459807,0.35936621971996374,-0.6844262700886085,0.49385452605845215,0.7871808537687107,-5.921747913499434,Ocular Melanoma
Lineage,NA,NA,NA,NA,NA,NA,Osteosarcoma
ACF,-0.024945039769490744,0.2940597214083108,-0.6518364652718127,0.5146469257045543,0.8878725850648008,-6.3075987557023545,Osteosarcoma
ATAC,0.07190573807461985,0.2862401943992777,2.491678018669546,0.012864949803687709,0.11063856831171429,-3.484205854566774,Osteosarcoma
BAF (canonical/cBAF),-0.08327936443501968,0.28103164933152663,-4.606674984846483,4.584254735410643e-6,1.25274210280848e-4,3.772908595343517,Osteosarcoma
BCOR complex,-0.0062829701468996866,0.07688398925835595,-0.48502198057597573,0.6277602008846439,0.9203401554616429,-6.40044260345113,Osteosarcoma
BRCA1-A,-0.005928026229218602,0.23973389480036114,-0.24087455170033995,0.8096985796042878,0.9410010519725506,-6.487221840392097,Osteosarcoma
CAF-1,-0.0037481509389426437,0.9690249844625101,-0.33151650175370345,0.740319405285059,0.9203401554616429,-6.461815800261831,Osteosarcoma
CHRAC,-0.013015478228833807,0.26206692106594376,-0.42257360705211394,0.6726914500951529,0.9203401554616429,-6.428193511191507,Osteosarcoma
DAXX-ATRX,-0.03483225398248863,0.25018074947967495,-0.7539611609134395,0.4510387406280596,0.8878725850648008,-6.237324334128004,Osteosarcoma
DNMT1-UHRF1,0.003316057228307181,0.7253934436802176,0.0655956059069326,0.9477120641019403,0.9557812705085744,-6.513527849325375,Osteosarcoma
Elongator,0.013190472014010541,0.7476231388617897,0.3224564306696028,0.7471700528273124,0.9203401554616429,-6.464717118040403,Osteosarcoma
FACT,-0.015309863409639711,0.9846571827461597,-2.0366807459224843,0.04192823950141599,0.2716551288281966,-4.488251878618809,Osteosarcoma
G9a/GLP,0.011807832163454704,0.1813339326617885,0.3248361519402718,0.7453687003058417,0.9203401554616429,-6.4639628370253535,Osteosarcoma
HAT1 complex,0.0077273468280972014,0.5070069141011739,0.42691021985730254,0.6695307522901803,0.9203401554616429,-6.426389756659112,Osteosarcoma
HBO1,-0.00484563450501314,0.1272006936982836,-0.29177234874324365,0.7705173394562592,0.9203401554616429,-6.4739461124572575,Osteosarcoma
HIRA,0.05163535381469751,0.42351438993766954,1.570319717948452,0.11663695878156835,0.5015389227607439,-5.3094485094859944,Osteosarcoma
INO80,0.046999158760150525,0.6562516235772355,1.779545267787313,0.07543472480251058,0.40546164581349436,-4.967135316842327,Osteosarcoma
LSD1-CoREST,0.008346971940138182,0.15410883043179746,0.39162305172056844,0.6954148792065661,0.9203401554616429,-6.440532477792045,Osteosarcoma
MLL1/MLL2 (KMT2A/KMT2B),-0.020612417632471503,0.4921214235772354,-0.754688749431769,0.45060214100372975,0.8878725850648008,-6.236787069838292,Osteosarcoma
MLL3/MLL4 (KMT2C/KMT2D),-0.07110978351034539,0.3775775624299912,-2.943159064656568,0.003319065109003231,0.035679949921784734,-2.2910473089170624,Osteosarcoma
MOZ/MORF,-0.003283052593187323,0.1292105213351399,-0.16697905596010532,0.8674181338589768,0.9430367508369917,-6.50198075595621,Osteosarcoma
MSL,-0.01279326673654124,0.3698017822041551,-0.6494224329011447,0.5162049913167447,0.8878725850648008,-6.309136509648174,Osteosarcoma
Menin-MLL,-0.026901960293122595,0.532817426829269,-0.9041439756012284,0.3661229646201283,0.8746270821480842,-6.115454979484778,Osteosarcoma
NSL,7.574717420568529e-4,0.690279032429991,0.05546137691793269,0.9557812705085744,0.9557812705085744,-6.514128648353134,Osteosarcoma
NURF,-0.0264086161236904,0.430541240740741,-1.1465098296294851,0.2518410704552379,0.7627711552944475,-5.872306714403848,Osteosarcoma
NoRC,-0.039505303848437534,0.2806835276856367,-1.0723127588049468,0.28382182522584093,0.7627711552944475,-5.952834872341001,Osteosarcoma
NuA4/TIP60,-0.02127993464042453,0.7442379977416442,-1.1039159934573195,0.2698782104621348,0.7627711552944475,-5.919191926486405,Osteosarcoma
NuRD (Mi-2/NuRD),-0.010103014519992523,0.23344356913279152,-0.8586588557114259,0.3907213869396595,0.8842641914950189,-6.1546924296499155,Osteosarcoma
PBAF,-0.10985923860098229,0.3440632730803972,-3.9683602836182716,7.720240096348862e-5,0.001106567747143337,1.1389402754185385,Osteosarcoma
PCAF complex,-0.012668749198309662,0.4083963325654916,-0.5144995424844411,0.6070092320004108,0.9203401554616429,-6.386017115945297,Osteosarcoma
PR-DUB,-0.017131289163075995,0.19108004058717235,-0.703015052287266,0.4821995857110979,0.8878725850648008,-6.273656625002596,Osteosarcoma
PRC1 (canonical and variant PCGF complexes),-0.008822082604471142,0.0774263117434509,-1.154265133332794,0.2486496517786853,0.7627711552944475,-5.86357958711848,Osteosarcoma
PRC2,-0.025956179864477277,0.2068612206504066,-1.6353283413712065,0.10227484295117865,0.48864647187785354,-5.2076430944453955,Osteosarcoma
Piccolo NuA4,-0.0322879527269872,0.7310030581752486,-0.9219508837766078,0.3567624196243767,0.8746270821480842,-6.099543314509026,Osteosarcoma
RSF,-0.03873601152225906,0.25863721200632345,-1.1037711193550057,0.26994107147781476,0.7627711552944475,-5.91934834633203,Osteosarcoma
SAGA,-0.030610591269337087,0.3105263303613374,-1.1337177486531913,0.2571673885136873,0.7627711552944475,-5.886573617688114,Osteosarcoma
SET1C/COMPASS,-0.019120617988398335,0.589783839656728,-0.6984728420177839,0.4850335977877155,0.8878725850648008,-6.276772662103943,Osteosarcoma
SETDB1-ATF7IP/KAP1,-0.07963454406989545,0.2953410291228548,-2.0143519091240902,0.044222927948776185,0.2716551288281966,-4.532376956260091,Osteosarcoma
SRCAP,-0.006235447728762084,0.8039866308943082,-0.29675419739635006,0.7667118788624869,0.9203401554616429,-6.472510381205332,Osteosarcoma
STAGA/TFTC,0.002033424337499764,0.252413731020777,0.12673426384388506,0.8991745763794572,0.9430367508369917,-6.50776936423696,Osteosarcoma
SUV39H1/2-HP1,0.0018326162366272371,0.10173277260252934,0.14872900556388494,0.8817955441530981,0.9430367508369917,-6.504802316688101,Osteosarcoma
WICH / B-WICH,-0.01991588866279674,0.3771652369105695,-0.4380065505239491,0.6614701086284905,0.9203401554616429,-6.421690520537466,Osteosarcoma
mSin3A/HDAC,-0.00279679263262289,0.30224111428184264,-0.19046362415393572,0.8489820344951555,0.9430367508369917,-6.497869964786192,Osteosarcoma
ncBAF (non-canonical BAF / bBAF),-0.10455238872996386,0.35936621971996374,-4.555542466194018,5.826707454923163e-6,1.25274210280848e-4,3.5479793833316764,Osteosarcoma
Lineage,NA,NA,NA,NA,NA,NA,Ovarian Epithelial Tumor
ACF,-0.03656400806133213,0.2940597214083108,-1.568915299470923,0.11696389669697715,0.45722250527000163,-5.497979765894538,Ovarian Epithelial Tumor
ATAC,0.027794971574199627,0.2862401943992777,1.581560672535183,0.11404598794062791,0.45722250527000163,-5.478377748337012,Ovarian Epithelial Tumor
BAF (canonical/cBAF),-0.004983166681444891,0.28103164933152663,-0.4526336474419542,0.6509044800280263,0.7774692400334758,-6.6095171212391515,Ovarian Epithelial Tumor
BCOR complex,-0.012619255548833952,0.07688398925835595,-1.5996368868947133,0.10997486206635367,0.45722250527000163,-5.4500851867268665,Ovarian Epithelial Tumor
BRCA1-A,0.007179493882977028,0.23973389480036114,0.4790334970807071,0.6320128641996945,0.7774692400334758,-6.597389133803074,Ovarian Epithelial Tumor
CAF-1,0.0013901483125301286,0.9690249844625101,0.20190192821733202,0.8400318371176222,0.9260681961230969,-6.690446711704801,Ovarian Epithelial Tumor
CHRAC,-9.560778024246487e-4,0.26206692106594376,-0.05097141899907132,0.9593578267513874,0.9730307233658985,-6.709269614074547,Ovarian Epithelial Tumor
DAXX-ATRX,-0.03544320109930914,0.25018074947967495,-1.259770938393668,0.2080272312640752,0.5187329205198057,-5.928434316378791,Ovarian Epithelial Tumor
DNMT1-UHRF1,0.033989907828644916,0.7253934436802176,1.1040632862770614,0.2698143792915568,0.5187329205198057,-6.109720230102487,Ovarian Epithelial Tumor
Elongator,0.008772737549756302,0.7476231388617897,0.352157622340154,0.7247895339659918,0.8201565779088854,-6.649391435708889,Ovarian Epithelial Tumor
FACT,0.0018051132766540154,0.9846571827461597,0.39431868118349533,0.6934244798406095,0.8058716927877353,-6.633871675842783,Ovarian Epithelial Tumor
G9a/GLP,7.48562906878134e-4,0.1813339326617885,0.033815338494230705,0.9730307233658985,0.9730307233658985,-6.709987013240601,Ovarian Epithelial Tumor
HAT1 complex,-0.0019241826832558475,0.5070069141011739,-0.17455958418012746,0.8614587870912529,0.9260681961230969,-6.695523125634935,Ovarian Epithelial Tumor
HBO1,-0.01173174173915925,0.1272006936982836,-1.1599712427640934,0.24631970798712216,0.5187329205198057,-6.047369263740459,Ovarian Epithelial Tumor
HIRA,0.011474903690223946,0.42351438993766954,0.5730351024773886,0.5667415553373285,0.7774692400334758,-6.548627324969572,Ovarian Epithelial Tumor
INO80,0.027879253259731868,0.6562516235772355,1.7333702681935903,0.08331850452574063,0.4478369618258559,-5.230832317567197,Ovarian Epithelial Tumor
LSD1-CoREST,-0.011503689377271269,0.15410883043179746,-0.8862733505219967,0.37566976613242,0.6676486168206694,-6.323303187244916,Ovarian Epithelial Tumor
MLL1/MLL2 (KMT2A/KMT2B),0.020395320534055836,0.4921214235772354,1.2261983521111182,0.22039433594739716,0.5187329205198057,-5.9695359431669495,Ovarian Epithelial Tumor
MLL3/MLL4 (KMT2C/KMT2D),0.0326128364021871,0.3775775624299912,2.216481957005027,0.026868616274456875,0.38511683326721524,-4.293240522601268,Ovarian Epithelial Tumor
MOZ/MORF,0.03703393698175003,0.1292105213351399,3.0929670619007306,0.0020331048422850113,0.04371175410912774,-2.0137711447911286,Ovarian Epithelial Tumor
MSL,0.006184454104502371,0.3698017822041551,0.5155116125996664,0.6063022357474219,0.7774692400334758,-6.57950079887684,Ovarian Epithelial Tumor
Menin-MLL,0.02554110939569281,0.532817426829269,1.4095635905346957,0.15895971161382866,0.5184572872317521,-5.73156754117626,Ovarian Epithelial Tumor
NSL,0.00903756615753291,0.690279032429991,1.0865931216324087,0.27746179469664023,0.5187329205198057,-6.12857378349918,Ovarian Epithelial Tumor
NURF,0.009486551412054404,0.430541240740741,0.6762881130287612,0.4990041688357224,0.7663278307120023,-6.48503114701345,Ovarian Epithelial Tumor
NoRC,-0.011117184964584545,0.2806835276856367,-0.4955096866294381,0.6203423272321904,0.7774692400334758,-6.589471864272835,Ovarian Epithelial Tumor
NuA4/TIP60,-0.013117018811995309,0.7442379977416442,-1.1173574462953273,0.26409278679623993,0.5187329205198057,-6.095172417846601,Ovarian Epithelial Tumor
NuRD (Mi-2/NuRD),-0.013659784908554176,0.23344356913279152,-1.9063594321132722,0.05687172467754443,0.3901636799146347,-4.921278152151174,Ovarian Epithelial Tumor
PBAF,0.019667174512560007,0.3440632730803972,1.1665617479029042,0.24364782423292966,0.5187329205198057,-6.039816809526541,Ovarian Epithelial Tumor
PCAF complex,-5.908162277450917e-4,0.4083963325654916,-0.03939988191879037,0.9685789378632754,0.9730307233658985,-6.709785360547062,Ovarian Epithelial Tumor
PR-DUB,0.04746695599832044,0.19108004058717235,3.198579948606949,0.001421681089791391,0.04371175410912774,-1.6891166016383332,Ovarian Epithelial Tumor
PRC1 (canonical and variant PCGF complexes),0.0036868968076401486,0.0774263117434509,0.7921121777646344,0.4284711364731386,0.6823799580868504,-6.401194317461823,Ovarian Epithelial Tumor
PRC2,-0.004560236574317274,0.2068612206504066,-0.47178356999631144,0.6371776288423774,0.7774692400334758,-6.600788168185409,Ovarian Epithelial Tumor
Piccolo NuA4,-0.04004778671353031,0.7310030581752486,-1.8777468670385067,0.0606881407061141,0.3901636799146347,-4.974496782065957,Ovarian Epithelial Tumor
RSF,-0.025752500678945037,0.25863721200632345,-1.2049659724811026,0.228483377480673,0.5187329205198057,-5.994958502175308,Ovarian Epithelial Tumor
SAGA,0.021648498814767797,0.3105263303613374,1.3165951893392591,0.1882568189014924,0.5187329205198057,-5.856344750928094,Ovarian Epithelial Tumor
SET1C/COMPASS,0.014392014416985545,0.589783839656728,0.8632974053516891,0.3881678004771334,0.6676486168206694,-6.343114113150837,Ovarian Epithelial Tumor
SETDB1-ATF7IP/KAP1,-0.03315199118049215,0.2953410291228548,-1.3770024571310817,0.16880004700568674,0.5184572872317521,-5.776234265819736,Ovarian Epithelial Tumor
SRCAP,0.018446413213208723,0.8039866308943082,1.4415589638625874,0.14971998350564086,0.5184572872317521,-5.686663972852461,Ovarian Epithelial Tumor
STAGA/TFTC,0.018149792280309666,0.252413731020777,1.8575004976810965,0.06351501766052192,0.3901636799146347,-5.011671023993355,Ovarian Epithelial Tumor
SUV39H1/2-HP1,-0.01480539692880573,0.10173277260252934,-1.9730380006315806,0.04874872400918969,0.3901636799146347,-4.794157440565015,Ovarian Epithelial Tumor
WICH / B-WICH,-0.014964280160188838,0.3771652369105695,-0.5404157487783143,0.589023029085773,0.7774692400334758,-6.56653478442331,Ovarian Epithelial Tumor
mSin3A/HDAC,0.0073367154380248,0.30224111428184264,0.8204359880733023,0.41215064461501905,0.6816337584017622,-6.378682442145611,Ovarian Epithelial Tumor
ncBAF (non-canonical BAF / bBAF),-0.006697771017600899,0.35936621971996374,-0.47921200149781096,0.6318859243347323,0.7774692400334758,-6.597304791279125,Ovarian Epithelial Tumor
Lineage,NA,NA,NA,NA,NA,NA,Pancreatic Adenocarcinoma
ACF,0.011389979920859683,0.2940597214083108,0.4401516221999423,0.6599163598221975,0.8766064901852805,-6.512334815093353,Pancreatic Adenocarcinoma
ATAC,0.030399299248533067,0.2862401943992777,1.557818445200901,0.1195725625390614,0.3427746792786427,-5.416092028849712,Pancreatic Adenocarcinoma
BAF (canonical/cBAF),-0.002181662576058731,0.28103164933152663,-0.17846894197943156,0.8583885521134078,0.9700242321841732,-6.591895760046486,Pancreatic Adenocarcinoma
BCOR complex,-0.035939923882106414,0.07688398925835595,-4.102971253771726,4.3889728568106276e-5,9.436291642142849e-4,1.6013173497209934,Pancreatic Adenocarcinoma
BRCA1-A,-0.04878401928139229,0.23973389480036114,-2.931455313185572,0.0034456742036708277,0.021166284393977945,-2.4008545125369833,Pancreatic Adenocarcinoma
CAF-1,-0.016835126686555717,0.9690249844625101,-2.202061098953898,0.02787410601965368,0.11985865588451082,-4.229591775898987,Pancreatic Adenocarcinoma
CHRAC,-0.014890467593626801,0.26206692106594376,-0.7149496715947558,0.47479639689298414,0.8187857712079727,-6.356366949361697,Pancreatic Adenocarcinoma
DAXX-ATRX,-0.06567372752681477,0.25018074947967495,-2.102248056177456,0.03576521679738999,0.1398094838443427,-4.43983665318847,Pancreatic Adenocarcinoma
DNMT1-UHRF1,-0.002997593092370878,0.7253934436802176,-0.087690047851132,0.9301394689218159,0.975250365876439,-6.603771618619751,Pancreatic Adenocarcinoma
Elongator,-0.01878084116308302,0.7476231388617897,-0.6789700882001898,0.4973039248962945,0.8187857712079727,-6.3810069107443566,Pancreatic Adenocarcinoma
FACT,-0.013016675435089074,0.9846571827461597,-2.5608056212633303,0.010579477831100878,0.05686469334216722,-3.3942832133788583,Pancreatic Adenocarcinoma
G9a/GLP,0.01681142694002972,0.1813339326617885,0.6839489071711325,0.4941558022511934,0.8187857712079727,-6.377673019187082,Pancreatic Adenocarcinoma
HAT1 complex,-0.01925896980286702,0.5070069141011739,-1.5734903916803533,0.115901438997966,0.3427746792786427,-5.392027155719103,Pancreatic Adenocarcinoma
HBO1,0.010021161195093184,0.1272006936982836,0.8923524553710173,0.37240501599852704,0.8006707843968331,-6.216300357789531,Pancreatic Adenocarcinoma
HIRA,0.06814619784439062,0.42351438993766954,3.0648375031179627,0.0022325493947703574,0.01599993732918756,-2.0110734266285544,Pancreatic Adenocarcinoma
INO80,-0.02834399275628646,0.6562516235772355,-1.587102151975602,0.11278551904158773,0.3427746792786427,-5.3709313349809396,Pancreatic Adenocarcinoma
LSD1-CoREST,-0.0018257802452275819,0.15410883043179746,-0.12668135332767574,0.8992164506572181,0.9700242321841732,-6.5996631783261055,Pancreatic Adenocarcinoma
MLL1/MLL2 (KMT2A/KMT2B),0.011307436725959385,0.4921214235772354,0.6122488886892679,0.5405034281535285,0.8187857712079727,-6.423335915901934,Pancreatic Adenocarcinoma
MLL3/MLL4 (KMT2C/KMT2D),0.03240679769007911,0.3775775624299912,1.9835602319202108,0.0475606388749587,0.17042562263526867,-4.67725037065677,Pancreatic Adenocarcinoma
MOZ/MORF,0.013913057450503152,0.1292105213351399,1.0464816961130226,0.2955754446251552,0.7060968954934264,-6.069549127390623,Pancreatic Adenocarcinoma
MSL,0.02028033163037321,0.3698017822041551,1.5224596124728076,0.12818994386371582,0.34451047413373626,-5.469505894422891,Pancreatic Adenocarcinoma
Menin-MLL,0.007530165708999352,0.532817426829269,0.3742683440802827,0.7082789771472633,0.8766064901852805,-6.5387043094499715,Pancreatic Adenocarcinoma
NSL,0.007122984170477863,0.690279032429991,0.7712782554345358,0.44071258790302426,0.8187857712079727,-6.315239458287893,Pancreatic Adenocarcinoma
NURF,-0.01453473911414583,0.430541240740741,-0.9331775378452392,0.3509392339849471,0.7942308979659328,-6.179697161665444,Pancreatic Adenocarcinoma
NoRC,0.014528323040534138,0.2806835276856367,0.5831851431356002,0.5598917964599552,0.8187857712079727,-6.4404076062706865,Pancreatic Adenocarcinoma
NuA4/TIP60,0.002175235709523221,0.7442379977416442,0.16687718171372115,0.8674982733218805,0.9700242321841732,-6.593863368542773,Pancreatic Adenocarcinoma
NuRD (Mi-2/NuRD),-0.030342099317447187,0.23344356913279152,-3.813644429109398,1.4477199869092862e-4,0.002075065314569977,0.49206734472672764,Pancreatic Adenocarcinoma
PBAF,0.006309463842284076,0.3440632730803972,0.3370480837307733,0.7361468776527951,0.8792865483075052,-6.551716098600634,Pancreatic Adenocarcinoma
PCAF complex,5.166827889652615e-4,0.4083963325654916,0.03103131259691344,0.975250365876439,0.975250365876439,-6.6070779107221975,Pancreatic Adenocarcinoma
PR-DUB,0.05559842024339315,0.19108004058717235,3.374130896745793,7.670937502463236e-4,0.0065970062521183825,-1.0417816252201222,Pancreatic Adenocarcinoma
PRC1 (canonical and variant PCGF complexes),-0.003911788737026746,0.0774263117434509,-0.7568934482140032,0.44928060714195484,0.8187857712079727,-6.326038415432429,Pancreatic Adenocarcinoma
PRC2,-0.045878720104137696,0.2068612206504066,-4.274648204653674,2.0854445094664634e-5,8.967411390705792e-4,2.29661984908312,Pancreatic Adenocarcinoma
Piccolo NuA4,-0.013412985038757763,0.7310030581752486,-0.5663926555038588,0.5712458868892832,0.8187857712079727,-6.44989318678054,Pancreatic Adenocarcinoma
RSF,0.01062484026448549,0.25863721200632345,0.44772508888570106,0.6544424137960039,0.8766064901852805,-6.509030259371299,Pancreatic Adenocarcinoma
SAGA,0.01322872880489461,0.3105263303613374,0.7245631407795442,0.46887878162537755,0.8187857712079727,-6.349568207476035,Pancreatic Adenocarcinoma
SET1C/COMPASS,-7.905261432225041e-4,0.589783839656728,-0.04270598403971793,0.9659438921476184,0.975250365876439,-6.606654776090589,Pancreatic Adenocarcinoma
SETDB1-ATF7IP/KAP1,0.0032807531406035388,0.2953410291228548,0.12272478968581588,0.9023481229620216,0.9700242321841732,-6.600148205570041,Pancreatic Adenocarcinoma
SRCAP,-0.04796394601083953,0.8039866308943082,-3.3757403104299977,7.626683663948141e-4,0.0065970062521183825,-1.036499358249805,Pancreatic Adenocarcinoma
STAGA/TFTC,0.003984303805156964,0.252413731020777,0.36723441357823816,0.7135169106159259,0.8766064901852805,-6.541267633120208,Pancreatic Adenocarcinoma
SUV39H1/2-HP1,-0.005094516114274114,0.10173277260252934,-0.611437373696319,0.5410401627081814,0.8187857712079727,-6.423823879282498,Pancreatic Adenocarcinoma
WICH / B-WICH,0.04103137733105295,0.3771652369105695,1.334510232243965,0.18232114585460216,0.4611652512792878,-5.732924463902198,Pancreatic Adenocarcinoma
mSin3A/HDAC,-0.024260794825623735,0.30224111428184264,-2.443327587765399,0.014713568682620248,0.07029816148363008,-3.681525278279988,Pancreatic Adenocarcinoma
ncBAF (non-canonical BAF / bBAF),-0.005724962823282894,0.35936621971996374,-0.3688957971254134,0.7122785149940121,0.8766064901852805,-6.540666562826846,Pancreatic Adenocarcinoma
Lineage,NA,NA,NA,NA,NA,NA,Pleural Mesothelioma
ACF,0.014953370181728874,0.2940597214083108,0.3999973414523094,0.6892384648262573,0.8332156372834479,-6.274032671711545,Pleural Mesothelioma
ATAC,-0.03217270902294103,0.2862401943992777,-1.1412467981590209,0.2540230696855297,0.4695275784518195,-5.719704797915072,Pleural Mesothelioma
BAF (canonical/cBAF),-0.019369083191117215,0.28103164933152663,-1.0967882859390403,0.27298115026268577,0.4695275784518195,-5.767958965250383,Pleural Mesothelioma
BCOR complex,-0.011298186759094815,0.07688398925835595,-0.8928299338011745,0.37214934031614455,0.560702764684627,-5.96480634237261,Pleural Mesothelioma
BRCA1-A,-0.0020497189219013667,0.23973389480036114,-0.08525869514571584,0.9320717084127408,0.9622570702210999,-6.348184687357456,Pleural Mesothelioma
CAF-1,-0.016308956060893373,0.9690249844625101,-1.4766508183957927,0.14006398975344167,0.38763374936090755,-5.294077737259341,Pleural Mesothelioma
CHRAC,0.022868497210190637,0.26206692106594376,0.7600522222537722,0.4473911191660226,0.6205747781980314,-6.07129811491575,Pleural Mesothelioma
DAXX-ATRX,0.177882619356536,0.25018074947967495,3.9415267693141023,8.623165022990756e-5,0.0037079609598860254,1.1357056766506775,Pleural Mesothelioma
DNMT1-UHRF1,-0.018712542791204892,0.7253934436802176,-0.37892137626493716,0.7048215685696814,0.8332156372834479,-6.282002574322123,Pleural Mesothelioma
Elongator,0.014490706111571428,0.7476231388617897,0.3626300773557284,0.7169529902206413,0.8332156372834479,-6.287867687142707,Pleural Mesothelioma
FACT,-0.0017044312145176746,0.9846571827461597,-0.23211044775052667,0.816496688853048,0.9239304637021333,-6.325555555703403,Pleural Mesothelioma
G9a/GLP,-0.0825275847909355,0.1813339326617885,-2.324111125398376,0.020306422197112685,0.15872916739543994,-3.735808531115783,Pleural Mesothelioma
HAT1 complex,-0.02647863002556111,0.5070069141011739,-1.497494466590605,0.13456007389716407,0.38763374936090755,-5.264041348969268,Pleural Mesothelioma
HBO1,-0.02516488112940336,0.1272006936982836,-1.551143331095803,0.12116354282600628,0.38763374936090755,-5.1848037733457835,Pleural Mesothelioma
HIRA,-5.005590389610687e-4,0.42351438993766954,-0.015583313345213233,0.9875697286970309,0.9875697286970309,-6.351596272655927,Pleural Mesothelioma
INO80,-0.016420198800825046,0.6562516235772355,-0.636445081846915,0.5246227443394316,0.6835993335331987,-6.1550732038273575,Pleural Mesothelioma
LSD1-CoREST,-0.021015849050105735,0.15410883043179746,-1.009368628717816,0.3130265078356075,0.508714163631315,-5.857263112229492,Pleural Mesothelioma
MLL1/MLL2 (KMT2A/KMT2B),-0.04306017812027623,0.4921214235772354,-1.6139063599827412,0.10684314350827785,0.38763374936090755,-5.088582049338855,Pleural Mesothelioma
MLL3/MLL4 (KMT2C/KMT2D),-0.03783334585180869,0.3775775624299912,-1.6029600435665923,0.10923916884392794,0.38763374936090755,-5.105637211525298,Pleural Mesothelioma
MOZ/MORF,-0.023835036437089764,0.1292105213351399,-1.2409764788087496,0.21488692315900998,0.4695275784518195,-5.604505723295165,Pleural Mesothelioma
MSL,0.021552580092727147,0.3698017822041551,1.1199758744680928,0.26297581405990933,0.4695275784518195,-5.743030359746498,Pleural Mesothelioma
Menin-MLL,-0.06364395443946395,0.532817426829269,-2.189648430643999,0.028765521948143007,0.17163501150207025,-4.029064743695404,Pleural Mesothelioma
NSL,0.009680014181081425,0.690279032429991,0.7255440311354893,0.468277259836429,0.6292475679052014,-6.096176920254908,Pleural Mesothelioma
NURF,-0.010265148074909832,0.430541240740741,-0.45620592959296496,0.6483346575042513,0.819952655078906,-6.250669088566763,Pleural Mesothelioma
NoRC,0.04242280951985517,0.2806835276856367,1.1787699676185674,0.2387523426486786,0.4695275784518195,-5.677490041465092,Pleural Mesothelioma
NuA4/TIP60,0.0027570599937218943,0.7442379977416442,0.1464116114624007,0.8836240890292731,0.9622570702210999,-6.341305796560197,Pleural Mesothelioma
NuRD (Mi-2/NuRD),0.010133923089763583,0.23344356913279152,0.8816797142627786,0.3781483761826554,0.560702764684627,-5.974406296677892,Pleural Mesothelioma
PBAF,-0.03606379962537243,0.3440632730803972,-1.3335507856855833,0.18263546868307864,0.46196030313955183,-5.488966165178131,Pleural Mesothelioma
PCAF complex,-0.0448677407105047,0.4083963325654916,-1.8653014348012795,0.06241321728142015,0.26845750224659676,-4.66513222178215,Pleural Mesothelioma
PR-DUB,-0.06254169179478329,0.19108004058717235,-2.627288541035912,0.008730150083792144,0.09384911340076554,-3.0112178865544688,Pleural Mesothelioma
PRC1 (canonical and variant PCGF complexes),-0.017106338970324778,0.0774263117434509,-2.291158315597013,0.02214825591564278,0.15872916739543994,-3.8092762009991143,Pleural Mesothelioma
PRC2,-0.0011696938156967227,0.2068612206504066,-0.0754396996620167,0.9398789988206092,0.9622570702210999,-6.348950836255851,Pleural Mesothelioma
Piccolo NuA4,0.049991859712037304,0.7310030581752486,1.4612688877225037,0.14423581371568653,0.38763374936090755,-5.315974781360836,Pleural Mesothelioma
RSF,0.003562882972862872,0.25863721200632345,0.10392720587696645,0.9172466296709028,0.9622570702210999,-6.346469815707077,Pleural Mesothelioma
SAGA,-0.0800022139522639,0.3105263303613374,-3.033184314246428,0.0024783343949453017,0.03552279299421599,-1.9042247310171811,Pleural Mesothelioma
SET1C/COMPASS,-0.09747638945181286,0.589783839656728,-3.6451096977190858,2.801467685420449e-4,0.006023155523653965,0.0587600347821029,Pleural Mesothelioma
SETDB1-ATF7IP/KAP1,-0.07203116905770028,0.2953410291228548,-1.8651676676724527,0.06243197726665041,0.26845750224659676,-4.665373709562744,Pleural Mesothelioma
SRCAP,-0.015628471143396196,0.8039866308943082,-0.7613937214932948,0.44659002747241816,0.6205747781980314,-6.0703076442003026,Pleural Mesothelioma
STAGA/TFTC,-0.01793074039420746,0.252413731020777,-1.1440047312893256,0.25287796249522765,0.4695275784518195,-5.71664845558525,Pleural Mesothelioma
SUV39H1/2-HP1,-0.025856033429226412,0.10173277260252934,-2.1480758535545994,0.03193209516317586,0.17163501150207025,-4.116228657959473,Pleural Mesothelioma
WICH / B-WICH,0.049114813298178815,0.3771652369105695,1.1057500859864449,0.2690837319379067,0.4695275784518195,-5.758385926494715,Pleural Mesothelioma
mSin3A/HDAC,0.017980496001523405,0.30224111428184264,1.2534788579520109,0.21030576273847654,0.4695275784518195,-5.5893856447032055,Pleural Mesothelioma
ncBAF (non-canonical BAF / bBAF),-0.02233238190069556,0.35936621971996374,-0.9961041609877676,0.3194251725126862,0.508714163631315,-5.870167062159229,Pleural Mesothelioma
Lineage,NA,NA,NA,NA,NA,NA,Prostate Adenocarcinoma
ACF,-0.051198738842661434,0.2940597214083108,-0.6791329235416734,0.4972007946701219,0.77751467185259,-5.401134090449471,Prostate Adenocarcinoma
ATAC,0.006227964050229579,0.2862401943992777,0.10955079653256988,0.9127862151226431,0.9345192202446108,-5.595837611216494,Prostate Adenocarcinoma
BAF (canonical/cBAF),0.03353559768693159,0.28103164933152663,0.9416668706043799,0.34657613397326614,0.77751467185259,-5.216790615291195,Prostate Adenocarcinoma
BCOR complex,0.06877480765066128,0.07688398925835595,2.695050324059179,0.007148272144159831,0.3073757021988727,-2.4642334789822296,Prostate Adenocarcinoma
BRCA1-A,0.0029625298780985585,0.23973389480036114,0.061106106409561815,0.9512861391147512,0.9512861391147512,-5.599421793261798,Prostate Adenocarcinoma
CAF-1,-0.0030399950852840396,0.9690249844625101,-0.13649037622966265,0.8914593504359354,0.9345192202446108,-5.592964086543556,Prostate Adenocarcinoma
CHRAC,-0.08825270630200455,0.26206692106594376,-1.454492012779359,0.14610377398135796,0.5699103217866446,-4.68490653158961,Prostate Adenocarcinoma
DAXX-ATRX,-0.13756281138492762,0.25018074947967495,-1.511504725093518,0.1309557321699701,0.5699103217866446,-4.611766925457152,Prostate Adenocarcinoma
DNMT1-UHRF1,-0.13935932037169277,0.7253934436802176,-1.399361176717366,0.1619950802177516,0.5699103217866446,-4.752969606971553,Prostate Adenocarcinoma
Elongator,-0.05894116696159944,0.7476231388617897,-0.7314261880307606,0.4646793267032999,0.77751467185259,-5.369172300590991,Prostate Adenocarcinoma
FACT,-0.019602755116957016,0.9846571827461597,-1.323761745158651,0.18586539792035808,0.5708722936125284,-4.8420443817334204,Prostate Adenocarcinoma
G9a/GLP,-0.012880869348008644,0.1813339326617885,-0.17987898609471137,0.8572816962997027,0.9345192202446108,-5.58701319313381,Prostate Adenocarcinoma
HAT1 complex,-0.01510490163531723,0.5070069141011739,-0.42360894086265355,0.6719363161983738,0.8755533817130325,-5.5232526165541636,Prostate Adenocarcinoma
HBO1,-0.033249294524525325,0.1272006936982836,-1.0162884346413756,0.30972217843972616,0.77751467185259,-5.1535132487576565,Prostate Adenocarcinoma
HIRA,0.0488604317415267,0.42351438993766954,0.7542916447463486,0.4508403994876331,0.77751467185259,-5.354453058805537,Prostate Adenocarcinoma
INO80,-0.08300797928862996,0.6562516235772355,-1.5954377628936982,0.11091023484333853,0.5699103217866446,-4.499001100905161,Prostate Adenocarcinoma
LSD1-CoREST,0.012449148510869815,0.15410883043179746,0.296496800850299,0.7669083586785418,0.9230539243904275,-5.562930197871145,Prostate Adenocarcinoma
MLL1/MLL2 (KMT2A/KMT2B),0.06864986480655279,0.4921214235772354,1.275908994516051,0.20226511661542476,0.5798266676308843,-4.895880063159153,Prostate Adenocarcinoma
MLL3/MLL4 (KMT2C/KMT2D),0.01801160634331323,0.3775775624299912,0.37842332270444834,0.7051913542077273,0.8918596538509491,-5.538961344098388,Prostate Adenocarcinoma
MOZ/MORF,-0.011185984027333642,0.1292105213351399,-0.28880148788556526,0.7727893320477999,0.9230539243904275,-5.564882687262197,Prostate Adenocarcinoma
MSL,-0.03248895161459009,0.3698017822041551,-0.8371872370156294,0.40267460361398344,0.77751467185259,-5.297296886188442,Prostate Adenocarcinoma
Menin-MLL,0.08619074312151166,0.532817426829269,1.4704672649316513,0.14172979462694893,0.5699103217866446,-4.664694687075098,Prostate Adenocarcinoma
NSL,-0.011766702892089583,0.690279032429991,-0.4373408748977836,0.6619525575320657,0.8755533817130325,-5.518128164619895,Prostate Adenocarcinoma
NURF,0.006236829388504715,0.430541240740741,0.13744757211039785,0.8907029386905425,0.9345192202446108,-5.592850409039081,Prostate Adenocarcinoma
NoRC,-0.1047129786850229,0.2806835276856367,-1.4428050405891064,0.14936861906748333,0.5699103217866446,-4.699553642908453,Prostate Adenocarcinoma
NuA4/TIP60,-0.02605046878676592,0.7442379977416442,-0.6859972090508133,0.49286374039099123,0.77751467185259,-5.397073621286956,Prostate Adenocarcinoma
NuRD (Mi-2/NuRD),-0.015975998471212106,0.23344356913279152,-0.689253145310337,0.4908136627535492,0.77751467185259,-5.395133358838656,Prostate Adenocarcinoma
PBAF,0.09567782603316409,0.3440632730803972,1.7543929710273716,0.07964996896887114,0.5699103217866446,-4.268842866757511,Prostate Adenocarcinoma
PCAF complex,-0.04061932919830975,0.4083963325654916,-0.8373847963364228,0.4025636575652408,0.77751467185259,-5.297153544237038,Prostate Adenocarcinoma
PR-DUB,0.09177069937594834,0.19108004058717235,1.9116997778208156,0.05618210772180664,0.5699103217866446,-4.019713553349494,Prostate Adenocarcinoma
PRC1 (canonical and variant PCGF complexes),0.009516455761382525,0.0774263117434509,0.6320490173685213,0.527490093404763,0.7821404833243039,-5.427886393685805,Prostate Adenocarcinoma
PRC2,0.052176905696498375,0.2068612206504066,1.6687204134567282,0.0954658413808922,0.5699103217866446,-4.395589485895581,Prostate Adenocarcinoma
Piccolo NuA4,-0.03486782321479215,0.7310030581752486,-0.505397607605862,0.6133838829604905,0.8755533817130325,-5.4903192998772,Prostate Adenocarcinoma
RSF,-0.08411414471494204,0.25863721200632345,-1.2166740032160888,0.22399708569823673,0.6019921678140112,-4.959785168669742,Prostate Adenocarcinoma
SAGA,0.03536313473066291,0.3105263303613374,0.6648521125232675,0.5062886235319191,0.77751467185259,-5.409451015196091,Prostate Adenocarcinoma
SET1C/COMPASS,0.023626003718918785,0.589783839656728,0.43810573456588425,0.6613982339600704,0.8755533817130325,-5.517837915878269,Prostate Adenocarcinoma
SETDB1-ATF7IP/KAP1,0.06043023189839725,0.2953410291228548,0.7759418528207415,0.4379551150008234,0.77751467185259,-5.340099039002095,Prostate Adenocarcinoma
SRCAP,-0.06788798528973769,0.8039866308943082,-1.6400731472593713,0.10128444266339778,0.5699103217866446,-4.436564352005991,Prostate Adenocarcinoma
STAGA/TFTC,0.0046053721911583625,0.252413731020777,0.14570412046488793,0.884182457279769,0.9345192202446108,-5.591836891530581,Prostate Adenocarcinoma
SUV39H1/2-HP1,0.021556909107358916,0.10173277260252934,0.888079213128818,0.374698062520189,0.77751467185259,-5.2592616885969745,Prostate Adenocarcinoma
WICH / B-WICH,-0.12498377418474799,0.3771652369105695,-1.3953257887583745,0.16320768567460023,0.5699103217866446,-4.757848739648504,Prostate Adenocarcinoma
mSin3A/HDAC,-0.03950798770579366,0.30224111428184264,-1.365770591469391,0.17229846937735768,0.5699103217866446,-4.79315574230644,Prostate Adenocarcinoma
ncBAF (non-canonical BAF / bBAF),0.006058821513938499,0.35936621971996374,0.13400943271131543,0.893420364036686,0.9345192202446108,-5.593255021901242,Prostate Adenocarcinoma
Lineage,NA,NA,NA,NA,NA,NA,Renal Cell Carcinoma
ACF,-0.0960735266542678,0.2940597214083108,-2.996352628776547,0.002795402268327916,0.012020229753810039,-2.1235796384955767,Renal Cell Carcinoma
ATAC,-0.05382582397668379,0.2862401943992777,-2.2261467857513084,0.02621239587282613,0.05932279065955387,-4.078863649355605,Renal Cell Carcinoma
BAF (canonical/cBAF),-0.06161747553762693,0.28103164933152663,-4.068073674289307,5.089019682387288e-5,4.376556926853068e-4,1.5365603460171462,Renal Cell Carcinoma
BCOR complex,-0.023052705206529637,0.07688398925835595,-2.1239928916072204,0.03390000232176404,0.07288500499179268,-4.2953370275061395,Renal Cell Carcinoma
BRCA1-A,-0.013962207105248819,0.23973389480036114,-0.6771261970337688,0.498472531625067,0.6698224643711838,-6.273855023418972,Renal Cell Carcinoma
CAF-1,-0.026781355219850877,0.9690249844625101,-2.827192414539326,0.004783465563580688,0.0171407516028308,-2.6017477893366188,Renal Cell Carcinoma
CHRAC,-0.0040853291312727726,0.26206692106594376,-0.1583084246392439,0.8742436982629065,0.9343355108701403,-6.4859048255053064,Renal Cell Carcinoma
DAXX-ATRX,0.0013346175247444464,0.25018074947967495,0.03447934103877057,0.9725013590116871,0.9725013590116871,-6.49758657048147,Renal Cell Carcinoma
DNMT1-UHRF1,0.04250038971173864,0.7253934436802176,1.0034145199277718,0.31588819147089053,0.4851140083302962,-6.005717766648162,Renal Cell Carcinoma
Elongator,-0.02124916588170022,0.7476231388617897,-0.6199937767091814,0.5353941439927823,0.6976347936875648,-6.310104242719267,Renal Cell Carcinoma
FACT,0.003084113949485447,0.9846571827461597,0.4896849934542496,0.6244573664181521,0.7434733562967596,-6.380842186809765,Renal Cell Carcinoma
G9a/GLP,-0.057369988574955656,0.1813339326617885,-1.8837084539228766,0.05987592085004131,0.11703020893417165,-4.764755878266297,Renal Cell Carcinoma
HAT1 complex,-0.0399471954418772,0.5070069141011739,-2.6340691898358166,0.008558811229637944,0.026145846637970472,-3.1141919974454297,Renal Cell Carcinoma
HBO1,-0.007298393607115768,0.1272006936982836,-0.5245120831567286,0.6000312413319733,0.7413166587972471,-6.363562195921668,Renal Cell Carcinoma
HIRA,-0.019842985563771842,0.42351438993766954,-0.7202490282251213,0.47152928616606027,0.6540567517787288,-6.244381756494461,Renal Cell Carcinoma
INO80,-0.008462242871472394,0.6562516235772355,-0.3824187511738515,0.7022268734805585,0.7742501425554876,-6.4266101755653695,Renal Cell Carcinoma
LSD1-CoREST,-0.07570968481293164,0.15410883043179746,-4.23960572326184,2.4328438909940088e-5,2.61530718281856e-4,2.222538310963091,Renal Cell Carcinoma
MLL1/MLL2 (KMT2A/KMT2B),-0.03551218821279102,0.4921214235772354,-1.551854908113223,0.12099321661933674,0.216779513109645,-5.3210687755852035,Renal Cell Carcinoma
MLL3/MLL4 (KMT2C/KMT2D),0.008316233088477237,0.3775775624299912,0.4108145048357155,0.6812909684510812,0.7709345169314865,-6.41558971128459,Renal Cell Carcinoma
MOZ/MORF,-0.007712904788645696,0.1292105213351399,-0.4682058863953673,0.6397328879762816,0.7434733562967596,-6.390907968250292,Renal Cell Carcinoma
MSL,-0.01203404379289097,0.3698017822041551,-0.729108492426339,0.4660951399143305,0.6540567517787288,-6.238101547675097,Renal Cell Carcinoma
Menin-MLL,-0.034264444431053503,0.532817426829269,-1.3744599761590353,0.16958726443007283,0.2804712450189666,-5.574570543487376,Renal Cell Carcinoma
NSL,-0.0015078372907438744,0.690279032429991,-0.1317690543312736,0.8951917777877925,0.9343355108701403,-6.489671924768035,Renal Cell Carcinoma
NURF,-0.08738208486212588,0.430541240740741,-4.527821308630466,6.629116763936975e-6,1.6119934510028117e-4,3.436691458871569,Renal Cell Carcinoma
NoRC,-0.07994593005794128,0.2806835276856367,-2.5899844943181813,0.009728687121105292,0.026145846637970472,-3.2261576219964216,Renal Cell Carcinoma
NuA4/TIP60,-0.036335083319987,0.7442379977416442,-2.2497104927824174,0.024670296987708326,0.05893459835952544,-4.027499760008308,Renal Cell Carcinoma
NuRD (Mi-2/NuRD),-0.0010821994501859229,0.23344356913279152,-0.10977709220696497,0.9126067780592069,0.9343355108701403,-6.492271299754073,Renal Cell Carcinoma
PBAF,-0.10440510973470805,0.3440632730803972,-4.501227895708119,7.497643958152613e-6,1.6119934510028117e-4,3.321443587841901,Renal Cell Carcinoma
PCAF complex,-0.0909059145036082,0.4083963325654916,-4.406341291928253,1.1572820061527925e-5,1.6587708754856693e-4,2.915559108996427,Renal Cell Carcinoma
PR-DUB,-0.027336799523967475,0.19108004058717235,-1.3389272601995081,0.18087927070402104,0.2880669866767743,-5.621666823462738,Renal Cell Carcinoma
PRC1 (canonical and variant PCGF complexes),-0.0033278460519059272,0.0774263117434509,-0.5196757152323965,0.6033972804163639,0.7413166587972471,-6.366032757184172,Renal Cell Carcinoma
PRC2,-0.03558425294101213,0.2068612206504066,-2.6758192818078035,0.007568721093404427,0.025035000539722334,-3.0064376044930796,Renal Cell Carcinoma
Piccolo NuA4,-0.022078872668114164,0.7310030581752486,-0.7524521871723556,0.45194498519016,0.6540567517787288,-6.221186524472221,Renal Cell Carcinoma
RSF,-0.08435510933327679,0.25863721200632345,-2.868865947174911,0.0042005889879105016,0.016420484225468324,-2.4864883095468393,Renal Cell Carcinoma
SAGA,-0.08810878925924447,0.3105263303613374,-3.8948182695378266,1.0437676724042479e-4,7.480334985563777e-4,0.8715473961348019,Renal Cell Carcinoma
SET1C/COMPASS,-0.05971298692868407,0.589783839656728,-2.6034613418149304,0.00935675437008572,0.026145846637970472,-3.1921277322809933,Renal Cell Carcinoma
SETDB1-ATF7IP/KAP1,-0.11639131003499216,0.2953410291228548,-3.513897918372695,4.6007521996063375e-4,0.0024729043072884063,-0.4914806717424618,Renal Cell Carcinoma
SRCAP,-0.03379118216105812,0.8039866308943082,-1.9194082223087907,0.055198911305185616,0.11302634219633244,-4.698547138676785,Renal Cell Carcinoma
STAGA/TFTC,-0.020553542412710433,0.252413731020777,-1.5289294660845338,0.12657798037230225,0.21771412624035988,-5.3555517024484125,Renal Cell Carcinoma
SUV39H1/2-HP1,-0.01813838624840221,0.10173277260252934,-1.7569424160981948,0.0792140962068491,0.14809591899541355,-4.9898766773514,Renal Cell Carcinoma
WICH / B-WICH,-0.09309658199198101,0.3771652369105695,-2.4437084464047807,0.01469817201955586,0.03717772922593541,-3.584289653116283,Renal Cell Carcinoma
mSin3A/HDAC,-0.039583918901756665,0.30224111428184264,-3.21740181820163,0.0013324507819598916,0.006366153736030593,-1.4576058735326853,Renal Cell Carcinoma
ncBAF (non-canonical BAF / bBAF),-0.07323371145494288,0.35936621971996374,-3.808482129591845,1.4778764492076978e-4,9.078383902275858e-4,0.5506587549328064,Renal Cell Carcinoma
Lineage,NA,NA,NA,NA,NA,NA,Rhabdoid Cancer
ACF,0.016094796898801993,0.2940597214083108,0.3003886348768845,0.763939194083076,0.9126355735120206,-6.725531763622527,Rhabdoid Cancer
ATAC,0.07359280380632718,0.2862401943992777,1.8214081134897402,0.06882449789524907,0.22765026226890075,-5.133791978294308,Rhabdoid Cancer
BAF (canonical/cBAF),-0.040954189678922094,0.28103164933152663,-1.6180504283480128,0.10594695641361573,0.28473244536159226,-5.478351519947449,Rhabdoid Cancer
BCOR complex,-2.8386670055822555e-4,0.07688398925835595,-0.015651444277314037,0.9875153867687259,0.9875153867687259,-6.7699848776552205,Rhabdoid Cancer
BRCA1-A,0.09134440688297657,0.23973389480036114,2.6509791252724084,0.008144636977319531,0.05836989833745664,-3.309886484498364,Rhabdoid Cancer
CAF-1,0.002363059061057584,0.9690249844625101,0.1492815722654864,0.8813596335485872,0.9474616060647312,-6.759097037908413,Rhabdoid Cancer
CHRAC,0.11810786564921505,0.26206692106594376,2.7388270266206316,0.006268483161276793,0.05539580783907521,-3.0775824435911496,Rhabdoid Cancer
DAXX-ATRX,0.38414726735653565,0.25018074947967495,5.938936601587535,3.8763663168827385e-9,1.6668375162595775e-7,10.368875677874902,Rhabdoid Cancer
DNMT1-UHRF1,0.02343498061367302,0.7253934436802176,0.33110129135091504,0.7406329292814455,0.9126355735120206,-6.715951507620175,Rhabdoid Cancer
Elongator,0.01719439347742494,0.7476231388617897,0.30022103059145966,0.7640669917775057,0.9126355735120206,-6.725581488618485,Rhabdoid Cancer
FACT,-0.008735419019395965,0.9846571827461597,-0.8300015982173095,0.406723329274548,0.7472444007067441,-6.4298932739796895,Rhabdoid Cancer
G9a/GLP,0.08303268396321084,0.1813339326617885,1.6314989814276166,0.10307989582065981,0.28473244536159226,-5.456816482089317,Rhabdoid Cancer
HAT1 complex,0.01705432524273168,0.5070069141011739,0.6729522235566932,0.5011232450973555,0.8088371583603248,-6.546434924084915,Rhabdoid Cancer
HBO1,0.0454644847779137,0.1272006936982836,1.9552815262717436,0.05081030430940874,0.18207025710871466,-4.884864666027523,Rhabdoid Cancer
HIRA,0.016366708975673102,0.42351438993766954,0.3555050970600479,0.7222814298431991,0.9126355735120206,-6.7076749210981985,Rhabdoid Cancer
INO80,0.027182462662589474,0.6562516235772355,0.7351082563822722,0.462434957464132,0.7953881268383071,-6.5032198913867205,Rhabdoid Cancer
LSD1-CoREST,-0.02689009740132528,0.15410883043179746,-0.9011046152896597,0.36773585890772076,0.7382275119854584,-6.369130506821237,Rhabdoid Cancer
MLL1/MLL2 (KMT2A/KMT2B),-0.031044582510520283,0.4921214235772354,-0.811836010440235,0.41706664225492696,0.7472444007067441,-6.444617592133274,Rhabdoid Cancer
MLL3/MLL4 (KMT2C/KMT2D),0.013259806245752173,0.3775775624299912,0.3919810762988467,0.6951504019094451,0.9126355735120206,-6.694207423113154,Rhabdoid Cancer
MOZ/MORF,0.04314358493851998,0.1292105213351399,1.5672704146976546,0.11734768833144892,0.2968206234266061,-5.558065920754828,Rhabdoid Cancer
MSL,0.05397695033662949,0.3698017822041551,1.9570310668386977,0.05060400534010457,0.18207025710871466,-4.881495676732704,Rhabdoid Cancer
Menin-MLL,-0.007148776390683613,0.532817426829269,-0.17160459922688553,0.8637809008324577,0.9474616060647312,-6.755558464728902,Rhabdoid Cancer
NSL,-0.01806440825794316,0.690279032429991,-0.9446947380382049,0.34502836727785535,0.7382275119854584,-6.3294154133145515,Rhabdoid Cancer
NURF,0.014549818705577953,0.430541240740741,0.45116278171394797,0.6519638239605456,0.9126355735120206,-6.66956121776711,Rhabdoid Cancer
NoRC,-0.028464905470388706,0.2806835276856367,-0.5518478537505936,0.5811680501524119,0.8617319364328867,-6.6196842020802364,Rhabdoid Cancer
NuA4/TIP60,-0.017876971713595324,0.7442379977416442,-0.6623739340476991,0.50787449478439,0.8088371583603248,-6.553410068180396,Rhabdoid Cancer
NuRD (Mi-2/NuRD),-0.002632703983407233,0.23344356913279152,-0.1598141582524766,0.8730576837164842,0.9474616060647312,-6.757488791667926,Rhabdoid Cancer
PBAF,-0.10580681840586033,0.3440632730803972,-2.729805535447785,0.00644137300454363,0.05539580783907521,-3.101782842816069,Rhabdoid Cancer
PCAF complex,0.13475330675290983,0.4083963325654916,3.9087170262822384,9.863129755244918e-5,0.0021205728973776572,0.7232237005865763,Rhabdoid Cancer
PR-DUB,0.020350744766192263,0.19108004058717235,0.5964834943925426,0.5509786882232598,0.8461458426285776,-6.594370976852629,Rhabdoid Cancer
PRC1 (canonical and variant PCGF complexes),0.0178310615662606,0.0774263117434509,1.666307702163342,0.09594531382836538,0.28473244536159226,-5.4002538002461264,Rhabdoid Cancer
PRC2,0.06900443515991295,0.2068612206504066,3.1051654030033973,0.001951815240896507,0.027976018452849933,-2.0284954085951448,Rhabdoid Cancer
Piccolo NuA4,-0.10046744906845066,0.7310030581752486,-2.0489728160617693,0.04070873062834902,0.18207025710871466,-4.700233297239058,Rhabdoid Cancer
RSF,-0.011766512544210312,0.25863721200632345,-0.23947238095514908,0.8107852606894784,0.9422639516120964,-6.741776745371619,Rhabdoid Cancer
SAGA,0.0831090973648093,0.3105263303613374,2.1984942684184734,0.02812781774730183,0.15118702039174733,-4.387832747274649,Rhabdoid Cancer
SET1C/COMPASS,6.180451823335562e-4,0.589783839656728,0.016125432444500168,0.9871373358837685,0.9875153867687259,-6.7699774369418,Rhabdoid Cancer
SETDB1-ATF7IP/KAP1,0.04884768056668991,0.2953410291228548,0.8825134610696237,0.37769779682976945,0.7382275119854584,-6.385499243862932,Rhabdoid Cancer
SRCAP,0.07452123032001846,0.8039866308943082,2.533102647710669,0.011447984137243293,0.07032333112878023,-3.6098532628853697,Rhabdoid Cancer
STAGA/TFTC,0.04550455219115835,0.252413731020777,2.0256500501674246,0.043048881521546095,0.18207025710871466,-4.746995093382334,Rhabdoid Cancer
SUV39H1/2-HP1,-0.026422860356055688,0.10173277260252934,-1.531607620964772,0.1259153720364356,0.30079783319815173,-5.612537043540675,Rhabdoid Cancer
WICH / B-WICH,-0.020294714218894415,0.3771652369105695,-0.31879199014426873,0.7499465888922642,0.9126355735120206,-6.719903047824757,Rhabdoid Cancer
mSin3A/HDAC,-0.02377622799847657,0.30224111428184264,-1.156480404868653,0.24774327591500478,0.5606821507550108,-6.109814426168598,Rhabdoid Cancer
ncBAF (non-canonical BAF / bBAF),-0.0034273138519151656,0.35936621971996374,-0.1066604866635607,0.9150783624520402,0.9597163313521397,-6.764485855860089,Rhabdoid Cancer
Lineage,NA,NA,NA,NA,NA,NA,Rhabdomyosarcoma
ACF,0.05964952110855811,0.2940597214083108,1.2170736096593235,0.22384508519550597,0.43751539379121623,-5.887755272813541,Rhabdomyosarcoma
ATAC,0.0403277208551078,0.2862401943992777,1.091157603662194,0.2754496498585658,0.4648455999663997,-6.030473736501146,Rhabdomyosarcoma
BAF (canonical/cBAF),0.003812119491809646,0.28103164933152663,0.1646539327474974,0.8692475307845082,0.9449930012224436,-6.602205299194129,Rhabdomyosarcoma
BCOR complex,0.057327382338466154,0.07688398925835595,3.4555244383465027,5.708054396358985e-4,0.008181544634781213,-0.7778375511322553,Rhabdomyosarcoma
BRCA1-A,0.03723490909029364,0.23973389480036114,1.181371619038033,0.23771813088929125,0.44442954905389237,-5.929798861956646,Rhabdomyosarcoma
CAF-1,0.023414276865935738,0.9690249844625101,1.6170530255455589,0.10616207911584596,0.28531058762383604,-5.3314890428286486,Rhabdomyosarcoma
CHRAC,0.06519564367360531,0.26206692106594376,1.6527845655531308,0.09866863623057728,0.28531058762383604,-5.274190342923548,Rhabdomyosarcoma
DAXX-ATRX,0.09718322149068219,0.25018074947967495,1.6425330612899613,0.10077396084265973,0.28531058762383604,-5.290757014800361,Rhabdomyosarcoma
DNMT1-UHRF1,0.06136223006245366,0.7253934436802176,0.9477838371038154,0.34345391540087,0.5469821615643485,-6.174060645774354,Rhabdomyosarcoma
Elongator,0.1479984395262056,0.7476231388617897,2.8250313682664934,0.004815622486559158,0.041414353384408756,-2.7064709048839664,Rhabdomyosarcoma
FACT,0.005225124883043316,0.9846571827461597,0.5427548951039549,0.587411792460993,0.7893345961194593,-6.470717935199623,Rhabdomyosarcoma
G9a/GLP,0.05803335143345484,0.1813339326617885,1.2466004235741832,0.2128173930719514,0.4357689477187576,-5.852040766083801,Rhabdomyosarcoma
HAT1 complex,0.005576583511024535,0.5070069141011739,0.24056353072209552,0.8099395804584395,0.9216076364241228,-6.5870822423950175,Rhabdomyosarcoma
HBO1,0.048748577102303986,0.1272006936982836,2.291980163700659,0.022100606694478792,0.0950326087862588,-4.039156844837901,Rhabdomyosarcoma
HIRA,0.05401662235128294,0.42351438993766954,1.2826961279069602,0.1998768743023391,0.42973527975002906,-5.807221349012523,Rhabdomyosarcoma
INO80,0.022174618272345736,0.6562516235772355,0.6555873129032909,0.512230887334453,0.7311638697634275,-6.404261435245342,Rhabdomyosarcoma
LSD1-CoREST,0.06416952205965037,0.15410883043179746,2.3508424862966,0.01891203072809478,0.09035748014534171,-3.905477567355246,Rhabdomyosarcoma
MLL1/MLL2 (KMT2A/KMT2B),-0.027997219583690783,0.4921214235772354,-0.800404052199129,0.4236547446863872,0.6281777248798155,-6.300645026680771,Rhabdomyosarcoma
MLL3/MLL4 (KMT2C/KMT2D),0.0025581912213621157,0.3775775624299912,0.08267473563217917,0.9341256664985633,0.9563667537961481,-6.612174110835311,Rhabdomyosarcoma
MOZ/MORF,0.02063183980681273,0.1292105213351399,0.8193652686731007,0.4127608285023652,0.6281777248798155,-6.285553972545497,Rhabdomyosarcoma
MSL,0.06502947399516622,0.3698017822041551,2.57757615310538,0.010082722321602372,0.058284548266333,-3.359234711451703,Rhabdomyosarcoma
Menin-MLL,-0.016281531268732174,0.532817426829269,-0.4272719136481521,0.669267416133729,0.8720757240530408,-6.525782878803234,Rhabdomyosarcoma
NSL,0.04464062027864245,0.690279032429991,2.552171558982715,0.010843636886759628,0.058284548266333,-3.422908784244448,Rhabdomyosarcoma
NURF,-0.01107952441637324,0.430541240740741,-0.3755853901107561,0.7072997389814282,0.894526140476512,-6.54618245397929,Rhabdomyosarcoma
NoRC,0.08171133677595281,0.2806835276856367,1.731824243987315,0.08359361481976486,0.27650195671152994,-5.143018125616699,Rhabdomyosarcoma
NuA4/TIP60,-0.005852072933107025,0.7442379977416442,-0.23704505411179816,0.8126672929028351,0.9216076364241228,-6.5879084228240865,Rhabdomyosarcoma
NuRD (Mi-2/NuRD),0.0766780924800075,0.23344356913279152,5.088577686321084,4.25997447874899e-7,1.8317890258620655e-5,5.961019574939129,Rhabdomyosarcoma
PBAF,0.07696872354535934,0.3440632730803972,2.170922033910499,0.030156761144038424,0.11788552083578657,-4.303536445098732,Rhabdomyosarcoma
PCAF complex,0.06412957380169043,0.4083963325654916,2.0335976933646793,0.04223899496543252,0.1513563986261332,-4.586225683010442,Rhabdomyosarcoma
PR-DUB,0.04828405141253382,0.19108004058717235,1.5471546053255056,0.12212223084157717,0.3088974074228128,-5.439974119269067,Rhabdomyosarcoma
PRC1 (canonical and variant PCGF complexes),-0.0011258929947150229,0.0774263117434509,-0.11502361347154746,0.9084480223435514,0.9527625600188466,-6.609029764953177,Rhabdomyosarcoma
PRC2,0.006942891184303268,0.2068612206504066,0.34155447494689894,0.7327533787576794,0.9002398653308633,-6.558180125905454,Rhabdomyosarcoma
Piccolo NuA4,-0.04837282077576761,0.7310030581752486,-1.0785098655299517,0.2810498107490838,0.4648455999663997,-6.0439506887406464,Rhabdomyosarcoma
RSF,0.05902414993627751,0.25863721200632345,1.3132557130872073,0.18937887705437856,0.4285943007020146,-5.76827921318616,Rhabdomyosarcoma
SAGA,0.1097879836087119,0.3105263303613374,3.1749980920651226,0.001541246450773559,0.01656839934581576,-1.682868831806414,Rhabdomyosarcoma
SET1C/COMPASS,0.02217884591404102,0.589783839656728,0.6326186281901361,0.527118138666657,0.7311638697634275,-6.418803367591668,Rhabdomyosarcoma
SETDB1-ATF7IP/KAP1,-0.011885718118675935,0.2953410291228548,-0.23475492134468737,0.8144439577701551,0.9216076364241228,-6.588439631443548,Rhabdomyosarcoma
SRCAP,0.03537734471026241,0.8039866308943082,1.3146492362881133,0.18891005704698288,0.4285943007020146,-5.766481657335757,Rhabdomyosarcoma
STAGA/TFTC,0.08804571826432922,0.252413731020777,4.284791587099077,1.9940743255453453e-5,4.287259799922492e-4,2.3331787851505803,Rhabdomyosarcoma
SUV39H1/2-HP1,0.002401683729310189,0.10173277260252934,0.1521932504790097,0.8790632569511103,0.9449930012224436,-6.604146425049293,Rhabdomyosarcoma
WICH / B-WICH,0.06280150487134971,0.3771652369105695,1.0784658535492324,0.28106943253782307,0.4648455999663997,-6.04399731252348,Rhabdomyosarcoma
mSin3A/HDAC,0.05113658063566981,0.30224111428184264,2.7191858655599765,0.006650363427565525,0.04766093789755293,-2.9928965857068284,Rhabdomyosarcoma
ncBAF (non-canonical BAF / bBAF),2.043168797923301e-4,0.35936621971996374,0.0069512966083192865,0.9944550106428137,0.9944550106428137,-6.615510951490612,Rhabdomyosarcoma
Lineage,NA,NA,NA,NA,NA,NA,Synovial Sarcoma
ACF,-0.14599189638412488,0.2940597214083108,-1.9365301889453699,0.05306634340584205,0.3259789666358869,-4.010740537915271,Synovial Sarcoma
ATAC,0.005358660342912508,0.2862401943992777,0.09425961745747703,0.924920608722842,0.970038687197127,-5.658312001878672,Synovial Sarcoma
BAF (canonical/cBAF),-0.0639362813374587,0.28103164933152663,-1.7953065434282618,0.07288746263906246,0.3917701116849607,-4.242440437782444,Synovial Sarcoma
BCOR complex,0.012465989709197847,0.07688398925835595,0.4884996520258391,0.625296237039125,0.95400201199112,-5.5569505076046815,Synovial Sarcoma
BRCA1-A,0.034200096668342395,0.23973389480036114,0.7054223357147542,0.48070127724568323,0.7968307077508757,-5.4427171196990924,Synovial Sarcoma
CAF-1,0.00444071710983797,0.9690249844625101,0.19938030557528116,0.8420032097430207,0.95400201199112,-5.644692175497455,Synovial Sarcoma
CHRAC,-0.08233661293615094,0.26206692106594376,-1.3569889343123414,0.17507145577005992,0.5377194712937555,-4.850498586038478,Synovial Sarcoma
DAXX-ATRX,0.1924241789175114,0.25018074947967495,2.1143072951759017,0.03472029255472907,0.29859451597067,-3.694342238999943,Synovial Sarcoma
DNMT1-UHRF1,-0.0041893122448635155,0.7253934436802176,-0.04206651479766736,0.9664535369037393,0.9833870082839469,-5.661451565268775,Synovial Sarcoma
Elongator,0.01140852981888833,0.7476231388617897,0.14157333331898994,0.8874437320847628,0.95400201199112,-5.653388609880243,Synovial Sarcoma
FACT,0.00448897756596981,0.9846571827461597,0.303137836556756,0.7618438452340732,0.95400201199112,-5.621687251352905,Synovial Sarcoma
G9a/GLP,-0.11380999314410623,0.1813339326617885,-1.5893357522000497,0.11228058252739198,0.40233875405648795,-4.549125391243244,Synovial Sarcoma
HAT1 complex,0.015051760120780352,0.5070069141011739,0.42211861532248784,0.6730233862002004,0.95400201199112,-5.583616942067033,Synovial Sarcoma
HBO1,-0.0382426147001351,0.1272006936982836,-1.1689128321662763,0.24269953365046618,0.5932935769955578,-5.059765552345104,Synovial Sarcoma
HIRA,-0.058835441107253764,0.42351438993766954,-0.9082826340326706,0.3639338256578042,0.6803980218819817,-5.298372702373459,Synovial Sarcoma
INO80,-0.07299280270326416,0.6562516235772355,-1.402943124868821,0.16092444614186086,0.5322885526230782,-4.79464675854464,Synovial Sarcoma
LSD1-CoREST,-0.011491062513520398,0.15410883043179746,-0.2736784182994331,0.784384683562929,0.95400201199112,-5.629184513680895,Synovial Sarcoma
MLL1/MLL2 (KMT2A/KMT2B),-0.013408219095886078,0.4921214235772354,-0.24920176307834413,0.803252633927259,0.95400201199112,-5.634831315563586,Synovial Sarcoma
MLL3/MLL4 (KMT2C/KMT2D),-0.11194839541278444,0.3775775624299912,-2.3520325148159156,0.018851953651213917,0.23579797321595944,-3.228287526847687,Synovial Sarcoma
MOZ/MORF,-0.04547161251513853,0.1292105213351399,-1.1739932149767414,0.24065943661385927,0.5932935769955578,-5.054521004437597,Synovial Sarcoma
MSL,0.0065851644829709385,0.3698017822041551,0.1696889368481844,0.8652869071577632,0.95400201199112,-5.649527234208422,Synovial Sarcoma
Menin-MLL,-0.01683140517117137,0.532817426829269,-0.2871541586793867,0.7740499891057974,0.95400201199112,-5.625850022764403,Synovial Sarcoma
NSL,-0.054463042404284664,0.690279032429991,-2.024264131857848,0.043191457754607206,0.309538780574685,-3.8580369404243235,Synovial Sarcoma
NURF,0.006530532315334019,0.430541240740741,0.14392021256594897,0.8855906262978408,0.95400201199112,-5.653092973944637,Synovial Sarcoma
NoRC,-0.11647029211916919,0.2806835276856367,-1.6048051221415436,0.10883234676724723,0.40233875405648795,-4.52738099269973,Synovial Sarcoma
NuA4/TIP60,0.011091729262014583,0.7442379977416442,0.29208285576629206,0.7702799954810289,0.95400201199112,-5.624590435834755,Synovial Sarcoma
NuRD (Mi-2/NuRD),4.827586995196029e-4,0.23344356913279152,0.020827678011449434,0.9833870082839469,0.9833870082839469,-5.662040979008129,Synovial Sarcoma
PBAF,-0.1251525213814701,0.3440632730803972,-2.294854648368549,0.021934695182879948,0.23579797321595944,-3.3448663586070526,Synovial Sarcoma
PCAF complex,0.051698764655348735,0.4083963325654916,1.0657920838723578,0.28675852645213423,0.5932935769955578,-5.161314839115033,Synovial Sarcoma
PR-DUB,-0.009724150058197958,0.19108004058717235,-0.20256634886913988,0.8395125769570682,0.95400201199112,-5.6441271292621105,Synovial Sarcoma
PRC1 (canonical and variant PCGF complexes),0.03855337498089472,0.0774263117434509,2.560577528432138,0.010586381952029995,0.2276072119686449,-2.7790754936493207,Synovial Sarcoma
PRC2,-0.022001431181550443,0.2068612206504066,-0.7036491882342598,0.4818046139889016,0.7968307077508757,-5.44381902669449,Synovial Sarcoma
Piccolo NuA4,-0.07307516175137754,0.7310030581752486,-1.0592003893403292,0.2897480259745748,0.5932935769955578,-5.167488187181652,Synovial Sarcoma
RSF,-0.11190616590518597,0.25863721200632345,-1.6186733315525246,0.10581282884436567,0.40233875405648795,-4.507709173868275,Synovial Sarcoma
SAGA,0.02365780643798006,0.3105263303613374,0.44478360608453754,0.6565662684327913,0.95400201199112,-5.574948915597228,Synovial Sarcoma
SET1C/COMPASS,-0.04259197481766638,0.589783839656728,-0.7897987588634526,0.429820623009473,0.7700952828919725,-5.387081741533769,Synovial Sarcoma
SETDB1-ATF7IP/KAP1,-0.08537394430648075,0.2953410291228548,-1.0962264159297797,0.27322683317313395,0.5932935769955578,-5.132316618754153,Synovial Sarcoma
SRCAP,-0.1187714974848596,0.8039866308943082,-2.8693434170029537,0.004194301655339936,0.18035497117961724,-2.0449861679894332,Synovial Sarcoma
STAGA/TFTC,0.05280848126432916,0.252413731020777,1.6707473351399775,0.09506452281727219,0.40233875405648795,-4.432340377364131,Synovial Sarcoma
SUV39H1/2-HP1,-0.02640243667800691,0.10173277260252934,-1.0877002390701516,0.276972815740857,0.5932935769955578,-5.140522624713307,Synovial Sarcoma
WICH / B-WICH,-0.11058320959938216,0.3771652369105695,-1.2345570868231954,0.21726695414830147,0.5932935769955578,-4.990253807068061,Synovial Sarcoma
mSin3A/HDAC,0.01871289170884044,0.30224111428184264,0.6468949359710817,0.5178389178553979,0.8247064247326708,-5.477623867020973,Synovial Sarcoma
ncBAF (non-canonical BAF / bBAF),-0.04347703360801265,0.35936621971996374,-0.9616280321803375,0.3364541545262768,0.6576149383922684,-5.254398339532831,Synovial Sarcoma
Lineage,NA,NA,NA,NA,NA,NA,T-Lymphoblastic Leukemia/Lymphoma
ACF,0.0293901341817289,0.2940597214083108,0.42662215179281776,0.6697405417948682,0.7999678693660925,-6.229200280727437,T-Lymphoblastic Leukemia/Lymphoma
ATAC,-0.1345563599985508,0.2862401943992777,-2.5901205882466214,0.009724866192324315,0.13938974875664853,-3.07753415398814,T-Lymphoblastic Leukemia/Lymphoma
BAF (canonical/cBAF),0.08876687851619994,0.28103164933152663,2.7276491031608407,0.006483311054119355,0.13938974875664853,-2.7256070056691915,T-Lymphoblastic Leukemia/Lymphoma
BCOR complex,0.028434422557978394,0.07688398925835595,1.2193495406651929,0.22298072357083443,0.5756169103121148,-5.597539755928191,T-Lymphoblastic Leukemia/Lymphoma
BRCA1-A,-0.1695633601414136,0.23973389480036114,-3.8273677963334283,1.3704129011711497e-4,0.005892775475035944,0.7300674945122818,T-Lymphoblastic Leukemia/Lymphoma
CAF-1,0.01626593662203322,0.9690249844625101,0.7991982724658274,0.42435311788011054,0.7999678693660925,-6.008014545452389,T-Lymphoblastic Leukemia/Lymphoma
CHRAC,0.07319525647848324,0.26206692106594376,1.3201174043423278,0.18707869100013505,0.5756169103121148,-5.4737527313701735,T-Lymphoblastic Leukemia/Lymphoma
DAXX-ATRX,-0.1467646326678544,0.25018074947967495,-1.7647215510529541,0.07789637054794643,0.41869299169521207,-4.810810616172486,T-Lymphoblastic Leukemia/Lymphoma
DNMT1-UHRF1,0.0707705066478196,0.7253934436802176,0.7776647562248576,0.4369389085892851,0.7999678693660925,-6.024455779785528,T-Lymphoblastic Leukemia/Lymphoma
Elongator,-0.09350804315672091,0.7476231388617897,-1.2698343051975678,0.20442026838924118,0.5756169103121148,-5.5367465241302405,T-Lymphoblastic Leukemia/Lymphoma
FACT,0.005307161468409149,0.9846571827461597,0.3921943421281969,0.6949928595369353,0.8076944043267086,-6.242855965437494,T-Lymphoblastic Leukemia/Lymphoma
G9a/GLP,-0.05103054061776474,0.1813339326617885,-0.779851184878971,0.43565126462453496,0.7999678693660925,-6.0228068548626315,T-Lymphoblastic Leukemia/Lymphoma
HAT1 complex,-0.006352091732878068,0.5070069141011739,-0.19494418674684005,0.8454737137558376,0.9088842422875254,-6.298961421388508,T-Lymphoblastic Leukemia/Lymphoma
HBO1,0.014921581358401511,0.1272006936982836,0.49910935584886623,0.617805116066511,0.7999678693660925,-6.196695806674306,T-Lymphoblastic Leukemia/Lymphoma
HIRA,-0.035892930112131675,0.42351438993766954,-0.6063693227631284,0.5443983992932497,0.7999678693660925,-6.139264817128443,T-Lymphoblastic Leukemia/Lymphoma
INO80,-0.060608525630093155,0.6562516235772355,-1.2747941336937396,0.2026593946713616,0.5756169103121148,-5.530641326473221,T-Lymphoblastic Leukemia/Lymphoma
LSD1-CoREST,0.007587538559650418,0.15410883043179746,0.1977550516449615,0.8432743478851985,0.9088842422875254,-6.298426642969232,T-Lymphoblastic Leukemia/Lymphoma
MLL1/MLL2 (KMT2A/KMT2B),-0.059361163486129825,0.4921214235772354,-1.207337606962045,0.2275694761699059,0.5756169103121148,-5.611642243278604,T-Lymphoblastic Leukemia/Lymphoma
MLL3/MLL4 (KMT2C/KMT2D),0.023217856343313192,0.3775775624299912,0.5338188177287416,0.5935779800213818,0.7999678693660925,-6.179330037797267,T-Lymphoblastic Leukemia/Lymphoma
MOZ/MORF,-0.016408583705382396,0.1292105213351399,-0.4635991591970014,0.6430294114245008,0.7999678693660925,-6.213254945923243,T-Lymphoblastic Leukemia/Lymphoma
MSL,-0.040295607712150926,0.3698017822041551,-1.1362945474497481,0.2560881875300432,0.6117662257662143,-5.692202780213346,T-Lymphoblastic Leukemia/Lymphoma
Menin-MLL,-0.0661931105370249,0.532817426829269,-1.2358160658424975,0.21679869652842892,0.5756169103121148,-5.577981096931684,T-Lymphoblastic Leukemia/Lymphoma
NSL,-0.05140512484330879,0.690279032429991,-2.0908265737080978,0.036779475606532476,0.31630349021617926,-4.2038457171387495,T-Lymphoblastic Leukemia/Lymphoma
NURF,-0.015190769538324371,0.430541240740741,-0.3663526144873684,0.7141745367076846,0.8081448704850115,-6.252351740350497,T-Lymphoblastic Leukemia/Lymphoma
NoRC,0.0396131010808309,0.2806835276856367,0.5972996916134038,0.5504339236618794,0.7999678693660925,-6.144552096084111,T-Lymphoblastic Leukemia/Lymphoma
NuA4/TIP60,-0.054243388786765635,0.7442379977416442,-1.5631473935469051,0.1183141433502027,0.5087508164058716,-5.134944099201649,T-Lymphoblastic Leukemia/Lymphoma
NuRD (Mi-2/NuRD),4.1205357756848973e-4,0.23344356913279152,0.01945408220751263,0.9844825001893195,0.9844825001893195,-6.317190019792406,T-Lymphoblastic Leukemia/Lymphoma
PBAF,0.07793246305755447,0.3440632730803972,1.563796704066129,0.11816156939333951,0.5087508164058716,-5.133962762775858,T-Lymphoblastic Leukemia/Lymphoma
PCAF complex,-0.08374620729587057,0.4083963325654916,-1.8893124373628623,0.059120673762109825,0.36316985311010325,-4.590950670810462,T-Lymphoblastic Leukemia/Lymphoma
PR-DUB,-0.027565558428929618,0.19108004058717235,-0.6283892609828912,0.5298833298721304,0.7999678693660925,-6.126096639512797,T-Lymphoblastic Leukemia/Lymphoma
PRC1 (canonical and variant PCGF complexes),-0.008933651165446716,0.0774263117434509,-0.6493081126943436,0.5162788248918192,0.7999678693660925,-6.113152269569621,T-Lymphoblastic Leukemia/Lymphoma
PRC2,-0.004316237474233322,0.2068612206504066,-0.15106258109990722,0.8799548711408708,0.9228794990014011,-6.30631742260442,T-Lymphoblastic Leukemia/Lymphoma
Piccolo NuA4,-0.02921441833674318,0.7310030581752486,-0.4633955954505434,0.6431752555274746,0.7999678693660925,-6.213346340076788,T-Lymphoblastic Leukemia/Lymphoma
RSF,0.06313421470457027,0.25863721200632345,0.999346945435158,0.317853021484466,0.6833839961916018,-5.833746301138825,T-Lymphoblastic Leukemia/Lymphoma
SAGA,-0.060381454683971075,0.3105263303613374,-1.242293406761381,0.2144010438308147,0.5756169103121148,-5.570215748716251,T-Lymphoblastic Leukemia/Lymphoma
SET1C/COMPASS,-0.051781216281081004,0.589783839656728,-1.0507689438874839,0.2936024275699228,0.6644686518687726,-5.782722376273433,T-Lymphoblastic Leukemia/Lymphoma
SETDB1-ATF7IP/KAP1,0.04153076106425107,0.2953410291228548,0.5835675275615303,0.5596345319361968,0.7999678693660925,-6.152405921793729,T-Lymphoblastic Leukemia/Lymphoma
SRCAP,-0.016527715045834994,0.8039866308943082,-0.436947667683496,0.6622376328939477,0.7999678693660925,-6.224880929991445,T-Lymphoblastic Leukemia/Lymphoma
STAGA/TFTC,-0.05595771234542694,0.252413731020777,-1.9373735316659013,0.052963050074434394,0.36316985311010325,-4.502159084756531,T-Lymphoblastic Leukemia/Lymphoma
SUV39H1/2-HP1,0.016131702863456547,0.10173277260252934,0.7272634126132625,0.4672239618224219,0.7999678693660925,-6.061184690424873,T-Lymphoblastic Leukemia/Lymphoma
WICH / B-WICH,-0.005463527116455224,0.3771652369105695,-0.0667484830346816,0.9467944297199846,0.9693371542371271,-6.315214795545981,T-Lymphoblastic Leukemia/Lymphoma
mSin3A/HDAC,-0.013522098388720413,0.30224111428184264,-0.5115443001481677,0.6090756993085604,0.7999678693660925,-6.190608482035433,T-Lymphoblastic Leukemia/Lymphoma
ncBAF (non-canonical BAF / bBAF),0.10117525517247522,0.35936621971996374,2.448881833663962,0.014489942428702182,0.15576688110854844,-3.4202449037541194,T-Lymphoblastic Leukemia/Lymphoma
Lineage,NA,NA,NA,NA,NA,NA,Undifferentiated Pleomorphic Sarcoma/Malignant Fibrous Histiocytoma/High-Grade Spindle Cell Sarcoma
ACF,-0.08605158330607601,0.2940597214083108,-1.249110038362454,0.21189853978175044,0.6049561297602093,-5.380974329629827,Undifferentiated Pleomorphic Sarcoma/Malignant Fibrous Histiocytoma/High-Grade Spindle Cell Sarcoma
ATAC,0.08977986365998586,0.2862401943992777,1.7282027640923738,0.0842409304687509,0.6049561297602093,-4.702120050890091,Undifferentiated Pleomorphic Sarcoma/Malignant Fibrous Histiocytoma/High-Grade Spindle Cell Sarcoma
BAF (canonical/cBAF),-0.04156963002038547,0.28103164933152663,-1.2773611727615182,0.20175233278798577,0.6049561297602093,-5.3469828246848845,Undifferentiated Pleomorphic Sarcoma/Malignant Fibrous Histiocytoma/High-Grade Spindle Cell Sarcoma
BCOR complex,-0.03842962712494845,0.07688398925835595,-1.6479725616792016,0.09965237691910774,0.6049561297602093,-4.830959697545989,Undifferentiated Pleomorphic Sarcoma/Malignant Fibrous Histiocytoma/High-Grade Spindle Cell Sarcoma
BRCA1-A,0.0525363682976108,0.23973389480036114,1.1858458336216815,0.23594695357075926,0.6049561297602093,-5.454344151767182,Undifferentiated Pleomorphic Sarcoma/Malignant Fibrous Histiocytoma/High-Grade Spindle Cell Sarcoma
CAF-1,0.00919173662203332,0.9690249844625101,0.4516198605704187,0.6516345364464753,0.8008062008643266,-6.0273496072608035,Undifferentiated Pleomorphic Sarcoma/Malignant Fibrous Histiocytoma/High-Grade Spindle Cell Sarcoma
CHRAC,-0.04452977888737039,0.26206692106594376,-0.8031194772575696,0.42208438010209204,0.7562345143495816,-5.817070022971903,Undifferentiated Pleomorphic Sarcoma/Malignant Fibrous Histiocytoma/High-Grade Spindle Cell Sarcoma
DAXX-ATRX,0.27967232899068234,0.25018074947967495,3.3628250705330123,7.988605693207482e-4,0.034351004480792174,-0.7603506946112528,Undifferentiated Pleomorphic Sarcoma/Malignant Fibrous Histiocytoma/High-Grade Spindle Cell Sarcoma
DNMT1-UHRF1,-0.029133245279009734,0.7253934436802176,-0.32013191880459857,0.7489309503155697,0.8301494050992292,-6.075744279388702,Undifferentiated Pleomorphic Sarcoma/Malignant Fibrous Histiocytoma/High-Grade Spindle Cell Sarcoma
Elongator,0.09149785074571792,0.7476231388617897,1.2425359980427364,0.214311619702455,0.6049561297602093,-5.388775464064004,Undifferentiated Pleomorphic Sarcoma/Malignant Fibrous Histiocytoma/High-Grade Spindle Cell Sarcoma
FACT,0.007531180980604235,0.9846571827461597,0.5565473347133438,0.5779533146629463,0.8008062008643266,-5.976905347593943,Undifferentiated Pleomorphic Sarcoma/Malignant Fibrous Histiocytoma/High-Grade Spindle Cell Sarcoma
G9a/GLP,0.03299520183101576,0.1813339326617885,0.5042342670044307,0.6142007708217077,0.8008062008643266,-6.003366884841397,Undifferentiated Pleomorphic Sarcoma/Malignant Fibrous Histiocytoma/High-Grade Spindle Cell Sarcoma
HAT1 complex,0.020142829730536604,0.5070069141011739,0.6181786607827167,0.5365893572265852,0.7956324951980401,-5.9423838023065585,Undifferentiated Pleomorphic Sarcoma/Malignant Fibrous Histiocytoma/High-Grade Spindle Cell Sarcoma
HBO1,-0.021090947983061895,0.1272006936982836,-0.7054674172413351,0.48067320737535413,0.7956324951980401,-5.88729767850806,Undifferentiated Pleomorphic Sarcoma/Malignant Fibrous Histiocytoma/High-Grade Spindle Cell Sarcoma
HIRA,-0.01403731823408283,0.42351438993766954,-0.23714417085537307,0.8125904272588379,0.8522289846860983,-6.0978014591639225,Undifferentiated Pleomorphic Sarcoma/Malignant Fibrous Histiocytoma/High-Grade Spindle Cell Sarcoma
INO80,0.055737586565028696,0.6562516235772355,1.172342465695389,0.24132103012641412,0.6049561297602093,-5.469512155189721,Undifferentiated Pleomorphic Sarcoma/Malignant Fibrous Histiocytoma/High-Grade Spindle Cell Sarcoma
LSD1-CoREST,0.06805479924257726,0.15410883043179746,1.7737215083785243,0.0763941341587407,0.6049561297602093,-4.626315948836042,Undifferentiated Pleomorphic Sarcoma/Malignant Fibrous Histiocytoma/High-Grade Spindle Cell Sarcoma
MLL1/MLL2 (KMT2A/KMT2B),0.0029378462699677366,0.4921214235772354,0.059752405055773436,0.9523640119608356,0.9750393455789507,-6.122921786516197,Undifferentiated Pleomorphic Sarcoma/Malignant Fibrous Histiocytoma/High-Grade Spindle Cell Sarcoma
MLL3/MLL4 (KMT2C/KMT2D),-0.052491567315223364,0.3775775624299912,-1.206872244819075,0.22774859584360208,0.6049561297602093,-5.430380828025103,Undifferentiated Pleomorphic Sarcoma/Malignant Fibrous Histiocytoma/High-Grade Spindle Cell Sarcoma
MOZ/MORF,-0.016255213193187276,0.1292105213351399,-0.4592659125392811,0.6461366735618279,0.8008062008643266,-6.024028268659036,Undifferentiated Pleomorphic Sarcoma/Malignant Fibrous Histiocytoma/High-Grade Spindle Cell Sarcoma
MSL,0.05137471911711744,0.3698017822041551,1.4487140540615218,0.1477109493219203,0.6049561297602093,-5.12458257879305,Undifferentiated Pleomorphic Sarcoma/Malignant Fibrous Histiocytoma/High-Grade Spindle Cell Sarcoma
Menin-MLL,0.015507884584926357,0.532817426829269,0.2895300245266973,0.7722320047434691,0.8301494050992292,-6.084642376017967,Undifferentiated Pleomorphic Sarcoma/Malignant Fibrous Histiocytoma/High-Grade Spindle Cell Sarcoma
NSL,0.011097243449374239,0.690279032429991,0.4513637807433502,0.6518190007035216,0.8008062008643266,-6.027459879902873,Undifferentiated Pleomorphic Sarcoma/Malignant Fibrous Histiocytoma/High-Grade Spindle Cell Sarcoma
NURF,0.0565726192421635,0.430541240740741,1.3643500360845542,0.1727448491760546,0.6049561297602093,-5.237560621025931,Undifferentiated Pleomorphic Sarcoma/Malignant Fibrous Histiocytoma/High-Grade Spindle Cell Sarcoma
NoRC,-0.07093924343136426,0.2806835276856367,-1.0696458259700905,0.28502045179695995,0.6127939713634639,-5.579198644638421,Undifferentiated Pleomorphic Sarcoma/Malignant Fibrous Histiocytoma/High-Grade Spindle Cell Sarcoma
NuA4/TIP60,-0.010106510737985186,0.7442379977416442,-0.29124223746488637,0.7709226071534365,0.8301494050992292,-6.084168109395428,Undifferentiated Pleomorphic Sarcoma/Malignant Fibrous Histiocytoma/High-Grade Spindle Cell Sarcoma
NuRD (Mi-2/NuRD),-0.011963717641943733,0.23344356913279152,-0.5648370968825213,0.572303164934901,0.8008062008643266,-5.972472711485826,Undifferentiated Pleomorphic Sarcoma/Malignant Fibrous Histiocytoma/High-Grade Spindle Cell Sarcoma
PBAF,-0.047059060600982194,0.3440632730803972,-0.9442894652247306,0.34523532335148177,0.6747781320051689,-5.6994965596242615,Undifferentiated Pleomorphic Sarcoma/Malignant Fibrous Histiocytoma/High-Grade Spindle Cell Sarcoma
PCAF complex,0.06619900172851967,0.4083963325654916,1.4934478986592257,0.1356153498090087,0.6049561297602093,-5.0619382969462325,Undifferentiated Pleomorphic Sarcoma/Malignant Fibrous Histiocytoma/High-Grade Spindle Cell Sarcoma
PR-DUB,-0.09401800179478326,0.19108004058717235,-2.143250709730174,0.03231837717825544,0.463230072888328,-3.9385288605981903,Undifferentiated Pleomorphic Sarcoma/Malignant Fibrous Histiocytoma/High-Grade Spindle Cell Sarcoma
PRC1 (canonical and variant PCGF complexes),-0.008577976043495486,0.0774263117434509,-0.6234572329264257,0.5331171928890315,0.7956324951980401,-5.939258837365064,Undifferentiated Pleomorphic Sarcoma/Malignant Fibrous Histiocytoma/High-Grade Spindle Cell Sarcoma
PRC2,0.009032422769669174,0.2068612206504066,0.31612280494695494,0.7519710553420977,0.8301494050992292,-6.076960855107011,Undifferentiated Pleomorphic Sarcoma/Malignant Fibrous Histiocytoma/High-Grade Spindle Cell Sarcoma
Piccolo NuA4,0.07214063044374464,0.7310030581752486,1.1442860171072424,0.25276143838253007,0.6049561297602093,-5.500473335915552,Undifferentiated Pleomorphic Sarcoma/Malignant Fibrous Histiocytoma/High-Grade Spindle Cell Sarcoma
RSF,-0.07011636890518597,0.25863721200632345,-1.1098669622848718,0.26730619687079016,0.6049561297602093,-5.537434110875395,Undifferentiated Pleomorphic Sarcoma/Malignant Fibrous Histiocytoma/High-Grade Spindle Cell Sarcoma
SAGA,0.05023491507212652,0.3105263303613374,1.033537600409736,0.30158636468434213,0.6175339848298433,-5.6153822608450294,Undifferentiated Pleomorphic Sarcoma/Malignant Fibrous Histiocytoma/High-Grade Spindle Cell Sarcoma
SET1C/COMPASS,0.03057284469452881,0.589783839656728,0.6203986317533338,0.5351277339726761,0.7956324951980401,-5.9410727655919615,Undifferentiated Pleomorphic Sarcoma/Malignant Fibrous Histiocytoma/High-Grade Spindle Cell Sarcoma
SETDB1-ATF7IP/KAP1,0.07913088135693397,0.2953410291228548,1.1119038419688418,0.2664297338146089,0.6049561297602093,-5.535278159762172,Undifferentiated Pleomorphic Sarcoma/Malignant Fibrous Histiocytoma/High-Grade Spindle Cell Sarcoma
SRCAP,0.06340163129562848,0.8039866308943082,1.6761660547224317,0.09399835768527773,0.6049561297602093,-4.786378520326945,Undifferentiated Pleomorphic Sarcoma/Malignant Fibrous Histiocytoma/High-Grade Spindle Cell Sarcoma
STAGA/TFTC,0.01869855106920726,0.252413731020777,0.64738311134597,0.5175231207568862,0.7956324951980401,-5.924761565444033,Undifferentiated Pleomorphic Sarcoma/Malignant Fibrous Histiocytoma/High-Grade Spindle Cell Sarcoma
SUV39H1/2-HP1,-6.291174536166427e-4,0.10173277260252934,-0.028362418408304942,0.9773783956303574,0.9773783956303574,-6.124241071386604,Undifferentiated Pleomorphic Sarcoma/Malignant Fibrous Histiocytoma/High-Grade Spindle Cell Sarcoma
WICH / B-WICH,-0.027761227409138167,0.3771652369105695,-0.3391618229842427,0.7345545052329892,0.8301494050992292,-6.069760595607948,Undifferentiated Pleomorphic Sarcoma/Malignant Fibrous Histiocytoma/High-Grade Spindle Cell Sarcoma
mSin3A/HDAC,-0.023812223022866674,0.30224111428184264,-0.9008222400870356,0.36788588500536834,0.6877866545752539,-5.737719323284453,Undifferentiated Pleomorphic Sarcoma/Malignant Fibrous Histiocytoma/High-Grade Spindle Cell Sarcoma
ncBAF (non-canonical BAF / bBAF),-0.0907312489738662,0.35936621971996374,-2.1960913958553556,0.028299824341908145,0.463230072888328,-3.829663058829509,Undifferentiated Pleomorphic Sarcoma/Malignant Fibrous Histiocytoma/High-Grade Spindle Cell Sarcoma
